-- phpMyAdmin SQL Dump
-- version 5.0.2
-- https://www.phpmyadmin.net/
--
-- Máy chủ: 127.0.0.1
-- Thời gian đã tạo: Th9 14, 2020 lúc 06:28 AM
-- Phiên bản máy phục vụ: 10.4.13-MariaDB
-- Phiên bản PHP: 7.3.19

SET SQL_MODE = "NO_AUTO_VALUE_ON_ZERO";
START TRANSACTION;
SET time_zone = "+00:00";


/*!40101 SET @OLD_CHARACTER_SET_CLIENT=@@CHARACTER_SET_CLIENT */;
/*!40101 SET @OLD_CHARACTER_SET_RESULTS=@@CHARACTER_SET_RESULTS */;
/*!40101 SET @OLD_COLLATION_CONNECTION=@@COLLATION_CONNECTION */;
/*!40101 SET NAMES utf8mb4 */;

--
-- Cơ sở dữ liệu: `aca`
--

-- --------------------------------------------------------

--
-- Cấu trúc bảng cho bảng `addresses`
--

CREATE TABLE `addresses` (
  `id` int(10) UNSIGNED NOT NULL,
  `name` varchar(255) COLLATE utf8mb4_unicode_ci NOT NULL,
  `slug_name` varchar(100) COLLATE utf8mb4_unicode_ci DEFAULT NULL,
  `address` varchar(255) COLLATE utf8mb4_unicode_ci DEFAULT NULL,
  `created_at` timestamp NULL DEFAULT NULL,
  `updated_at` timestamp NULL DEFAULT NULL
) ENGINE=InnoDB DEFAULT CHARSET=utf8mb4 COLLATE=utf8mb4_unicode_ci;

--
-- Đang đổ dữ liệu cho bảng `addresses`
--

INSERT INTO `addresses` (`id`, `name`, `slug_name`, `address`, `created_at`, `updated_at`) VALUES
(1, '[HN]_NTH', 'hn_nth', NULL, NULL, NULL),
(2, '[HN]_GP', 'hn_gp', NULL, NULL, NULL),
(3, '[HN]_MC1', 'hn_mc1', NULL, NULL, NULL),
(4, '[HN]_MC2', 'hn_mc2', NULL, NULL, NULL),
(5, '[HN]_DTD1', 'hn_dtd1', NULL, NULL, NULL),
(6, '[HN]_DTD2', 'hn_dtd1', NULL, NULL, NULL),
(7, '[HCM]_CENTER', NULL, NULL, NULL, NULL),
(8, 'Olympia', 'olympia', NULL, '2020-08-12 03:11:58', '2020-08-12 03:11:58'),
(9, 'Brendon', 'brendon', NULL, '2020-09-08 07:51:00', '2020-09-08 07:51:00'),
(10, 'WHS', 'WHS', NULL, '2020-09-08 07:51:00', '2020-09-08 07:51:00');

-- --------------------------------------------------------

--
-- Cấu trúc bảng cho bảng `days`
--

CREATE TABLE `days` (
  `id` int(10) UNSIGNED NOT NULL,
  `name` varchar(100) COLLATE utf8mb4_unicode_ci DEFAULT NULL,
  `created_at` timestamp NULL DEFAULT NULL,
  `updated_at` timestamp NULL DEFAULT NULL
) ENGINE=InnoDB DEFAULT CHARSET=utf8mb4 COLLATE=utf8mb4_unicode_ci;

--
-- Đang đổ dữ liệu cho bảng `days`
--

INSERT INTO `days` (`id`, `name`, `created_at`, `updated_at`) VALUES
(1, 'Monday', '2020-08-03 03:32:29', '2020-08-03 03:32:50'),
(2, 'Tuesday', '2020-08-03 03:32:29', '2020-08-03 03:32:29'),
(3, 'Wednesday', '2020-08-03 03:32:29', '2020-08-03 03:32:29'),
(4, 'Thursday', '2020-08-03 03:32:29', '2020-08-03 03:32:29'),
(5, 'Friday', '2020-08-03 03:32:29', '2020-08-03 03:32:29'),
(6, 'Saturday', NULL, NULL),
(7, 'Sunday', '2020-08-03 03:35:25', '2020-08-03 03:35:25');

-- --------------------------------------------------------

--
-- Cấu trúc bảng cho bảng `default_schedules`
--

CREATE TABLE `default_schedules` (
  `id` int(10) UNSIGNED NOT NULL,
  `address_id` int(10) UNSIGNED DEFAULT NULL,
  `day_id` int(10) UNSIGNED DEFAULT NULL,
  `session_id` int(10) UNSIGNED DEFAULT NULL,
  `teacher_id` int(10) UNSIGNED DEFAULT NULL,
  `dclass` varchar(255) COLLATE utf8mb4_unicode_ci DEFAULT NULL,
  `created_at` timestamp NULL DEFAULT NULL,
  `updated_at` timestamp NULL DEFAULT NULL
) ENGINE=InnoDB DEFAULT CHARSET=utf8mb4 COLLATE=utf8mb4_unicode_ci;

--
-- Đang đổ dữ liệu cho bảng `default_schedules`
--

INSERT INTO `default_schedules` (`id`, `address_id`, `day_id`, `session_id`, `teacher_id`, `dclass`, `created_at`, `updated_at`) VALUES
(117, 3, 1, 2, 10, '5I', '2020-08-12 04:48:56', '2020-08-12 04:48:56'),
(118, 3, 1, 2, 16, '2P1', '2020-08-12 04:48:56', '2020-08-12 04:48:56'),
(119, 3, 1, 2, 14, '3M2', '2020-08-12 04:48:56', '2020-08-12 04:48:56'),
(120, 3, 1, 2, 15, '3P1', '2020-08-12 04:48:56', '2020-08-12 04:48:56'),
(121, 3, 1, 3, 10, '5M1', '2020-08-12 04:48:56', '2020-08-12 04:48:56'),
(122, 3, 1, 3, 16, '1P2', '2020-08-12 04:48:56', '2020-08-12 04:48:56'),
(123, 3, 1, 3, 14, '4I', '2020-08-12 04:48:56', '2020-08-12 04:48:56'),
(124, 3, 1, 3, 15, '3G', '2020-08-12 04:48:56', '2020-08-12 04:48:56'),
(125, 3, 1, 4, 10, '5M1', '2020-08-12 04:48:56', '2020-08-12 04:48:56'),
(126, 3, 1, 4, 16, '1P2', '2020-08-12 04:48:56', '2020-08-12 04:48:56'),
(127, 3, 1, 4, 14, '4I', '2020-08-12 04:48:56', '2020-08-12 04:48:56'),
(128, 3, 1, 5, 10, '5P1', '2020-08-12 04:48:56', '2020-08-12 04:48:56'),
(129, 3, 1, 5, 16, '1M1', '2020-08-12 04:48:56', '2020-08-12 04:48:56'),
(130, 3, 1, 5, 14, '3P2', '2020-08-12 04:48:56', '2020-08-12 04:48:56'),
(131, 3, 1, 5, 15, '1I', '2020-08-12 04:48:56', '2020-08-12 04:48:56'),
(132, 3, 1, 6, 16, '1M1', '2020-08-12 04:48:56', '2020-08-12 04:48:56'),
(133, 3, 1, 6, 14, '3P2', '2020-08-12 04:48:56', '2020-08-12 04:48:56'),
(134, 3, 1, 6, 15, '1I', '2020-08-12 04:48:56', '2020-08-12 04:48:56'),
(135, 3, 2, 1, 10, '5M2', '2020-08-12 04:48:56', '2020-08-12 04:48:56'),
(136, 3, 2, 1, 16, '1M2', '2020-08-12 04:48:56', '2020-08-12 04:48:56'),
(137, 3, 2, 1, 14, '4G', '2020-08-12 04:48:56', '2020-08-12 04:48:56'),
(138, 3, 2, 1, 15, '1G', '2020-08-12 04:48:56', '2020-08-12 04:48:56'),
(139, 3, 2, 2, 10, '5M2', '2020-08-12 04:48:56', '2020-08-12 04:48:56'),
(140, 3, 2, 2, 16, '1M2', '2020-08-12 04:48:56', '2020-08-12 04:48:56'),
(141, 3, 2, 2, 15, '1G', '2020-08-12 04:48:56', '2020-08-12 04:48:56'),
(142, 3, 2, 3, 10, '5G', '2020-08-12 04:48:56', '2020-08-12 04:48:56'),
(143, 3, 2, 3, 16, '2G', '2020-08-12 04:48:56', '2020-08-12 04:48:56'),
(144, 3, 2, 3, 14, '4M1', '2020-08-12 04:48:56', '2020-08-12 04:48:56'),
(145, 3, 2, 3, 15, '3I', '2020-08-12 04:48:56', '2020-08-12 04:48:56'),
(146, 3, 2, 4, 10, '5G', '2020-08-12 04:48:56', '2020-08-12 04:48:56'),
(147, 3, 2, 4, 16, '2P2', '2020-08-12 04:48:56', '2020-08-12 04:48:56'),
(148, 3, 2, 4, 14, '4M1', '2020-08-12 04:48:56', '2020-08-12 04:48:56'),
(149, 3, 2, 5, 10, '2M1', '2020-08-12 04:48:56', '2020-08-12 04:48:56'),
(150, 3, 2, 5, 16, '1P1', '2020-08-12 04:48:56', '2020-08-12 04:48:56'),
(151, 3, 2, 5, 14, '4P1', '2020-08-12 04:48:56', '2020-08-12 04:48:56'),
(152, 3, 2, 6, 10, '2M1', '2020-08-12 04:48:56', '2020-08-12 04:48:56'),
(153, 3, 2, 6, 16, '1P1', '2020-08-12 04:48:56', '2020-08-12 04:48:56'),
(154, 3, 2, 6, 14, '4P1', '2020-08-12 04:48:56', '2020-08-12 04:48:56'),
(155, 3, 3, 1, 10, '5P1', '2020-08-12 04:48:56', '2020-08-12 04:48:56'),
(156, 3, 3, 1, 16, '1M1', '2020-08-12 04:48:56', '2020-08-12 04:48:56'),
(157, 3, 3, 1, 14, '4P2', '2020-08-12 04:48:56', '2020-08-12 04:48:56'),
(158, 3, 3, 1, 15, '1I', '2020-08-12 04:48:56', '2020-08-12 04:48:56'),
(159, 3, 3, 2, 10, '5P1', '2020-08-12 04:48:56', '2020-08-12 04:48:56'),
(160, 3, 3, 2, 16, '1M1', '2020-08-12 04:48:56', '2020-08-12 04:48:56'),
(161, 3, 3, 2, 14, '3P2', '2020-08-12 04:48:56', '2020-08-12 04:48:56'),
(162, 3, 3, 2, 15, '1I', '2020-08-12 04:48:56', '2020-08-12 04:48:56'),
(163, 3, 3, 3, 10, '2M2', '2020-08-12 04:48:56', '2020-08-12 04:48:56'),
(164, 3, 3, 3, 16, '2I', '2020-08-12 04:48:56', '2020-08-12 04:48:56'),
(165, 3, 3, 3, 14, '4M2', '2020-08-12 04:48:56', '2020-08-12 04:48:56'),
(166, 3, 3, 3, 15, '1G', '2020-08-12 04:48:56', '2020-08-12 04:48:56'),
(167, 3, 3, 4, 10, '2M2', '2020-08-12 04:48:56', '2020-08-12 04:48:56'),
(168, 3, 3, 4, 14, '4M2', '2020-08-12 04:48:56', '2020-08-12 04:48:56'),
(169, 3, 3, 4, 15, '1G', '2020-08-12 04:48:56', '2020-08-12 04:48:56'),
(170, 3, 3, 5, 10, '5I', '2020-08-12 04:48:56', '2020-08-12 04:48:56'),
(171, 3, 3, 5, 16, '1P2', '2020-08-12 04:48:56', '2020-08-12 04:48:56'),
(172, 3, 3, 5, 14, '3M2', '2020-08-12 04:48:56', '2020-08-12 04:48:56'),
(173, 3, 3, 5, 15, '3P1', '2020-08-12 04:48:56', '2020-08-12 04:48:56'),
(174, 3, 3, 6, 10, '5I', '2020-08-12 04:48:56', '2020-08-12 04:48:56'),
(175, 3, 3, 6, 16, '1P2', '2020-08-12 04:48:56', '2020-08-12 04:48:56'),
(176, 3, 3, 6, 14, '3M2', '2020-08-12 04:48:56', '2020-08-12 04:48:56'),
(177, 3, 3, 6, 15, '3P1', '2020-08-12 04:48:56', '2020-08-12 04:48:56'),
(178, 3, 4, 1, 10, '5M1', '2020-08-12 04:48:56', '2020-08-12 04:48:56'),
(179, 3, 4, 1, 16, '2G', '2020-08-12 04:48:56', '2020-08-12 04:48:56'),
(180, 3, 4, 1, 14, '3M1', '2020-08-12 04:48:56', '2020-08-12 04:48:56'),
(181, 3, 4, 1, 15, '1G', '2020-08-12 04:48:56', '2020-08-12 04:48:56'),
(182, 3, 4, 2, 10, '5P2', '2020-08-12 04:48:56', '2020-08-12 04:48:56'),
(183, 3, 4, 2, 16, '2G', '2020-08-12 04:48:56', '2020-08-12 04:48:56'),
(184, 3, 4, 2, 14, '4P1', '2020-08-12 04:48:56', '2020-08-12 04:48:56'),
(185, 3, 4, 2, 15, '1G', '2020-08-12 04:48:56', '2020-08-12 04:48:56'),
(186, 3, 4, 3, 10, '5G', '2020-08-12 04:48:56', '2020-08-12 04:48:56'),
(187, 3, 4, 3, 16, '1M2', '2020-08-12 04:48:56', '2020-08-12 04:48:56'),
(188, 3, 4, 3, 14, '4M1', '2020-08-12 04:48:56', '2020-08-12 04:48:56'),
(189, 3, 4, 3, 15, '3I', '2020-08-12 04:48:56', '2020-08-12 04:48:56'),
(190, 3, 4, 4, 16, '1M2', '2020-08-12 04:48:56', '2020-08-12 04:48:56'),
(191, 3, 4, 4, 15, '3I', '2020-08-12 04:48:56', '2020-08-12 04:48:56'),
(192, 3, 4, 5, 10, '2M1', '2020-08-12 04:48:56', '2020-08-12 04:48:56'),
(193, 3, 4, 5, 16, '2P1', '2020-08-12 04:48:56', '2020-08-12 04:48:56'),
(194, 3, 4, 5, 14, '4G', '2020-08-12 04:48:56', '2020-08-12 04:48:56'),
(195, 3, 4, 5, 15, '1I', '2020-08-12 04:48:56', '2020-08-12 04:48:56'),
(196, 3, 4, 6, 10, '5M2', '2020-08-12 04:48:56', '2020-08-12 04:48:56'),
(197, 3, 4, 6, 16, '2P1', '2020-08-12 04:48:56', '2020-08-12 04:48:56'),
(198, 3, 4, 6, 14, '4G', '2020-08-12 04:48:56', '2020-08-12 04:48:56'),
(199, 3, 4, 6, 15, '1I', '2020-08-12 04:48:56', '2020-08-12 04:48:56'),
(200, 3, 5, 1, 16, '1P1', '2020-08-12 04:48:56', '2020-08-12 04:48:56'),
(201, 3, 5, 1, 14, '4I', '2020-08-12 04:48:56', '2020-08-12 04:48:56'),
(202, 3, 5, 1, 15, '1I', '2020-08-12 04:48:56', '2020-08-12 04:48:56'),
(203, 3, 5, 2, 10, '2M2', '2020-08-12 04:48:56', '2020-08-12 04:48:56'),
(204, 3, 5, 2, 16, '1P1', '2020-08-12 04:48:56', '2020-08-12 04:48:56'),
(205, 3, 5, 2, 14, '4M2', '2020-08-12 04:48:56', '2020-08-12 04:48:56'),
(206, 3, 5, 2, 15, '1I', '2020-08-12 04:48:56', '2020-08-12 04:48:56'),
(207, 3, 5, 3, 10, '5P2', '2020-08-12 04:48:56', '2020-08-12 04:48:56'),
(208, 3, 5, 3, 16, '2P2', '2020-08-12 04:48:56', '2020-08-12 04:48:56'),
(209, 3, 5, 3, 14, '3M1', '2020-08-12 04:48:56', '2020-08-12 04:48:56'),
(210, 3, 5, 3, 15, '3G', '2020-08-12 04:48:56', '2020-08-12 04:48:56'),
(211, 3, 5, 4, 10, '5P2', '2020-08-12 04:48:56', '2020-08-12 04:48:56'),
(212, 3, 5, 4, 16, '2P2', '2020-08-12 04:48:56', '2020-08-12 04:48:56'),
(213, 3, 5, 4, 14, '3M1', '2020-08-12 04:48:56', '2020-08-12 04:48:56'),
(214, 3, 5, 4, 15, '3G', '2020-08-12 04:48:56', '2020-08-12 04:48:56'),
(215, 3, 5, 5, 16, '2I', '2020-08-12 04:48:56', '2020-08-12 04:48:56'),
(216, 3, 5, 5, 14, '4P2', '2020-08-12 04:48:56', '2020-08-12 04:48:56'),
(217, 3, 5, 5, 15, '1G', '2020-08-12 04:48:56', '2020-08-12 04:48:56'),
(218, 3, 5, 6, 16, '2I', '2020-08-12 04:48:56', '2020-08-12 04:48:56'),
(219, 3, 5, 6, 14, '4P2', '2020-08-12 04:48:56', '2020-08-12 04:48:56'),
(220, 3, 5, 6, 15, '1G', '2020-08-12 04:48:56', '2020-08-12 04:48:56'),
(221, 4, 1, 8, 17, '5P3', '2020-08-12 04:48:56', '2020-08-12 04:48:56'),
(222, 4, 1, 8, 20, '2M3', '2020-08-12 04:48:56', '2020-08-12 04:48:56'),
(223, 4, 1, 8, 18, '3I3', '2020-08-12 04:48:56', '2020-08-12 04:48:56'),
(224, 4, 1, 9, 17, '3G3', '2020-08-12 04:48:56', '2020-08-12 04:48:56'),
(225, 4, 1, 9, 20, '2M4', '2020-08-12 04:48:56', '2020-08-12 04:48:56'),
(226, 4, 1, 9, 19, '1M4', '2020-08-12 04:48:56', '2020-08-12 04:48:56'),
(227, 4, 1, 9, 18, '4I3', '2020-08-12 04:48:56', '2020-08-12 04:48:56'),
(228, 4, 1, 10, 17, '3G3', '2020-08-12 04:48:56', '2020-08-12 04:48:56'),
(229, 4, 1, 10, 20, '2M4', '2020-08-12 04:48:56', '2020-08-12 04:48:56'),
(230, 4, 1, 10, 19, '1M4', '2020-08-12 04:48:56', '2020-08-12 04:48:56'),
(231, 4, 1, 10, 18, '4I3', '2020-08-12 04:48:56', '2020-08-12 04:48:56'),
(232, 4, 1, 11, 20, '2I3', '2020-08-12 04:48:56', '2020-08-12 04:48:56'),
(233, 4, 1, 11, 19, '1M3', '2020-08-12 04:48:56', '2020-08-12 04:48:56'),
(234, 4, 1, 11, 18, '4M3', '2020-08-12 04:48:56', '2020-08-12 04:48:56'),
(235, 4, 1, 12, 20, '2I3', '2020-08-12 04:48:56', '2020-08-12 04:48:56'),
(236, 4, 1, 12, 19, '1M3', '2020-08-12 04:48:56', '2020-08-12 04:48:56'),
(237, 4, 1, 12, 18, '4M3', '2020-08-12 04:48:56', '2020-08-12 04:48:56'),
(238, 4, 2, 7, 17, '3M3', '2020-08-12 04:48:56', '2020-08-12 04:48:56'),
(239, 4, 2, 7, 20, '2P3', '2020-08-12 04:48:56', '2020-08-12 04:48:56'),
(240, 4, 2, 7, 19, '1G3', '2020-08-12 04:48:56', '2020-08-12 04:48:56'),
(241, 4, 2, 7, 18, '4G3', '2020-08-12 04:48:56', '2020-08-12 04:48:56'),
(242, 4, 2, 8, 17, '5M3', '2020-08-12 04:48:56', '2020-08-12 04:48:56'),
(243, 4, 2, 8, 20, '2G3', '2020-08-12 04:48:56', '2020-08-12 04:48:56'),
(244, 4, 2, 8, 19, '1G3', '2020-08-12 04:48:56', '2020-08-12 04:48:56'),
(245, 4, 2, 8, 18, '4I3', '2020-08-12 04:48:56', '2020-08-12 04:48:56'),
(246, 4, 2, 9, 17, '5G3', '2020-08-12 04:48:56', '2020-08-12 04:48:56'),
(247, 4, 2, 9, 20, '3P4', '2020-08-12 04:48:56', '2020-08-12 04:48:56'),
(248, 4, 2, 9, 19, '1P3', '2020-08-12 04:48:56', '2020-08-12 04:48:56'),
(249, 4, 2, 9, 18, '3G4', '2020-08-12 04:48:56', '2020-08-12 04:48:56'),
(250, 4, 2, 10, 17, '5G3', '2020-08-12 04:48:56', '2020-08-12 04:48:56'),
(251, 4, 2, 10, 20, '3P4', '2020-08-12 04:48:56', '2020-08-12 04:48:56'),
(252, 4, 2, 10, 19, '1P3', '2020-08-12 04:48:56', '2020-08-12 04:48:56'),
(253, 4, 2, 10, 18, '3G4', '2020-08-12 04:48:56', '2020-08-12 04:48:56'),
(254, 4, 2, 11, 17, '3I4', '2020-08-12 04:48:56', '2020-08-12 04:48:56'),
(255, 4, 2, 11, 19, '1P4', '2020-08-12 04:48:56', '2020-08-12 04:48:56'),
(256, 4, 2, 11, 18, '4M4', '2020-08-12 04:48:56', '2020-08-12 04:48:56'),
(257, 4, 2, 12, 17, '3I4', '2020-08-12 04:48:56', '2020-08-12 04:48:56'),
(258, 4, 2, 12, 19, '1P4', '2020-08-12 04:48:56', '2020-08-12 04:48:56'),
(259, 4, 2, 12, 18, '4M4', '2020-08-12 04:48:56', '2020-08-12 04:48:56'),
(260, 4, 3, 7, 20, '2I3', '2020-08-12 04:48:56', '2020-08-12 04:48:56'),
(261, 4, 3, 7, 19, '1M4', '2020-08-12 04:48:56', '2020-08-12 04:48:56'),
(262, 4, 3, 7, 18, '4P3', '2020-08-12 04:48:56', '2020-08-12 04:48:56'),
(263, 4, 3, 8, 17, '3G3', '2020-08-12 04:48:56', '2020-08-12 04:48:56'),
(264, 4, 3, 8, 20, '2M4', '2020-08-12 04:48:56', '2020-08-12 04:48:56'),
(265, 4, 3, 8, 19, '1M4', '2020-08-12 04:48:56', '2020-08-12 04:48:56'),
(266, 4, 3, 8, 18, '4M3', '2020-08-12 04:48:56', '2020-08-12 04:48:56'),
(267, 4, 3, 9, 17, '5P3', '2020-08-12 04:48:56', '2020-08-12 04:48:56'),
(268, 4, 3, 9, 20, '2P4', '2020-08-12 04:48:56', '2020-08-12 04:48:56'),
(269, 4, 3, 9, 19, '1I3', '2020-08-12 04:48:56', '2020-08-12 04:48:56'),
(270, 4, 3, 9, 18, '1G4', '2020-08-12 04:48:56', '2020-08-12 04:48:56'),
(271, 4, 3, 10, 17, '5P3', '2020-08-12 04:48:56', '2020-08-12 04:48:56'),
(272, 4, 3, 10, 20, '2P4', '2020-08-12 04:48:56', '2020-08-12 04:48:56'),
(273, 4, 3, 10, 19, '1I3', '2020-08-12 04:48:56', '2020-08-12 04:48:56'),
(274, 4, 3, 10, 18, '1G4', '2020-08-12 04:48:56', '2020-08-12 04:48:56'),
(275, 4, 3, 11, 17, '3M4', '2020-08-12 04:48:56', '2020-08-12 04:48:56'),
(276, 4, 3, 11, 20, '2M3', '2020-08-12 04:48:56', '2020-08-12 04:48:56'),
(277, 4, 3, 12, 17, '3M4', '2020-08-12 04:48:56', '2020-08-12 04:48:56'),
(278, 4, 3, 12, 20, '2M3', '2020-08-12 04:48:56', '2020-08-12 04:48:56'),
(279, 4, 4, 7, 17, '3I4', '2020-08-12 04:48:56', '2020-08-12 04:48:56'),
(280, 4, 4, 7, 19, '1M3', '2020-08-12 04:48:56', '2020-08-12 04:48:56'),
(281, 4, 4, 7, 18, '3G4', '2020-08-12 04:48:56', '2020-08-12 04:48:56'),
(282, 4, 4, 8, 17, '5G3', '2020-08-12 04:48:56', '2020-08-12 04:48:56'),
(283, 4, 4, 8, 20, '3P4', '2020-08-12 04:48:56', '2020-08-12 04:48:56'),
(284, 4, 4, 8, 19, '1M3', '2020-08-12 04:48:56', '2020-08-12 04:48:56'),
(285, 4, 4, 8, 18, '4M4', '2020-08-12 04:48:56', '2020-08-12 04:48:56'),
(286, 4, 4, 9, 17, '5M3', '2020-08-12 04:48:56', '2020-08-12 04:48:56'),
(287, 4, 4, 9, 20, '3P3', '2020-08-12 04:48:56', '2020-08-12 04:48:56'),
(288, 4, 4, 9, 19, '1P4', '2020-08-12 04:48:56', '2020-08-12 04:48:56'),
(289, 4, 4, 9, 18, '3I3', '2020-08-12 04:48:56', '2020-08-12 04:48:56'),
(290, 4, 4, 10, 17, '5M3', '2020-08-12 04:48:56', '2020-08-12 04:48:56'),
(291, 4, 4, 10, 20, '3P3', '2020-08-12 04:48:56', '2020-08-12 04:48:56'),
(292, 4, 4, 10, 19, '1P4', '2020-08-12 04:48:56', '2020-08-12 04:48:56'),
(293, 4, 4, 10, 18, '3I3', '2020-08-12 04:48:56', '2020-08-12 04:48:56'),
(294, 4, 4, 11, 20, '2P3', '2020-08-12 04:48:56', '2020-08-12 04:48:56'),
(295, 4, 4, 11, 19, '1G3', '2020-08-12 04:48:56', '2020-08-12 04:48:56'),
(296, 4, 4, 11, 18, '4G3', '2020-08-12 04:48:56', '2020-08-12 04:48:56'),
(297, 4, 4, 12, 20, '2P3', '2020-08-12 04:48:56', '2020-08-12 04:48:56'),
(298, 4, 4, 12, 19, '1G3', '2020-08-12 04:48:56', '2020-08-12 04:48:56'),
(299, 4, 4, 12, 18, '4G3', '2020-08-12 04:48:56', '2020-08-12 04:48:56'),
(300, 4, 5, 7, 20, '3P3', '2020-08-12 04:48:56', '2020-08-12 04:48:56'),
(301, 4, 5, 7, 19, '1P3', '2020-08-12 04:48:56', '2020-08-12 04:48:56'),
(302, 4, 5, 7, 18, '1G4', '2020-08-12 04:48:56', '2020-08-12 04:48:56'),
(303, 4, 5, 8, 17, '3M4', '2020-08-12 04:48:56', '2020-08-12 04:48:56'),
(304, 4, 5, 8, 20, '2P4', '2020-08-12 04:48:56', '2020-08-12 04:48:56'),
(305, 4, 5, 8, 19, '1P3', '2020-08-12 04:48:56', '2020-08-12 04:48:56'),
(306, 4, 5, 8, 18, '1G4', '2020-08-12 04:48:56', '2020-08-12 04:48:56'),
(307, 4, 5, 9, 17, '3M3', '2020-08-12 04:48:56', '2020-08-12 04:48:56'),
(308, 4, 5, 9, 20, '2G3', '2020-08-12 04:48:56', '2020-08-12 04:48:56'),
(309, 4, 5, 9, 19, '1I3', '2020-08-12 04:48:56', '2020-08-12 04:48:56'),
(310, 4, 5, 9, 18, '4P3', '2020-08-12 04:48:56', '2020-08-12 04:48:56'),
(311, 4, 5, 10, 17, '3M3', '2020-08-12 04:48:56', '2020-08-12 04:48:56'),
(312, 4, 5, 10, 20, '2G3', '2020-08-12 04:48:56', '2020-08-12 04:48:56'),
(313, 4, 5, 10, 19, '1I3', '2020-08-12 04:48:56', '2020-08-12 04:48:56'),
(314, 4, 5, 10, 18, '4P3', '2020-08-12 04:48:56', '2020-08-12 04:48:56'),
(315, 3, 1, 1, 1, NULL, '2020-09-01 03:47:28', '2020-09-01 03:47:28'),
(316, 5, 1, 14, 22, '5Q2 Sc', '2020-09-08 08:50:28', '2020-09-08 08:50:28'),
(317, 5, 1, 15, 22, '5Q2 Sc', '2020-09-08 08:50:28', '2020-09-08 08:50:28'),
(318, 5, 1, 16, 23, '1Q5', '2020-09-08 08:50:28', '2020-09-08 08:50:28'),
(319, 5, 1, 16, 22, '5Q1 ESL', '2020-09-08 08:50:28', '2020-09-08 08:50:28'),
(320, 5, 1, 16, 24, '4Q1 ESL', '2020-09-08 08:50:28', '2020-09-08 08:50:28'),
(321, 5, 1, 17, 23, '1Q5', '2020-09-08 08:50:28', '2020-09-08 08:50:28'),
(322, 5, 1, 17, 22, '5Q1 ESL', '2020-09-08 08:50:28', '2020-09-08 08:50:28'),
(323, 5, 1, 17, 24, '4Q1 ESL', '2020-09-08 08:50:28', '2020-09-08 08:50:28'),
(324, 5, 1, 18, 23, '1Q4', '2020-09-08 08:50:28', '2020-09-08 08:50:28'),
(325, 5, 1, 18, 22, '5Q3 ESL', '2020-09-08 08:50:28', '2020-09-08 08:50:28'),
(326, 5, 1, 18, 24, '4Q2 ESL', '2020-09-08 08:50:28', '2020-09-08 08:50:28'),
(327, 5, 1, 19, 23, '1Q4', '2020-09-08 08:50:28', '2020-09-08 08:50:28'),
(328, 5, 1, 19, 22, '5Q3 ESL', '2020-09-08 08:50:28', '2020-09-08 08:50:28'),
(329, 5, 1, 19, 24, '4Q2 ESL', '2020-09-08 08:50:28', '2020-09-08 08:50:28'),
(330, 5, 1, 20, 23, '1Q4', '2020-09-08 08:50:28', '2020-09-08 08:50:28'),
(331, 5, 1, 20, 22, '5Q3 ESL', '2020-09-08 08:50:28', '2020-09-08 08:50:28'),
(332, 5, 2, 13, 22, '5Q3 Sc', '2020-09-08 08:50:28', '2020-09-08 08:50:28'),
(333, 5, 2, 13, 24, '4Q2 ESL', '2020-09-08 08:50:28', '2020-09-08 08:50:28'),
(334, 5, 2, 14, 22, '5Q3 Sc', '2020-09-08 08:50:28', '2020-09-08 08:50:28'),
(335, 5, 2, 14, 24, '4Q2 ESL', '2020-09-08 08:50:28', '2020-09-08 08:50:28'),
(336, 5, 2, 16, 23, '1Q4', '2020-09-08 08:50:28', '2020-09-08 08:50:28'),
(337, 5, 2, 16, 22, '5Q1 ESL', '2020-09-08 08:50:28', '2020-09-08 08:50:28'),
(338, 5, 2, 17, 23, '1Q4', '2020-09-08 08:50:28', '2020-09-08 08:50:28'),
(339, 5, 2, 17, 22, '5Q1 ESL', '2020-09-08 08:50:28', '2020-09-08 08:50:28'),
(340, 5, 2, 18, 23, '1Q5', '2020-09-08 08:50:28', '2020-09-08 08:50:28'),
(341, 5, 2, 18, 22, '5Q2 ESL', '2020-09-08 08:50:28', '2020-09-08 08:50:28'),
(342, 5, 2, 18, 24, '4Q1 ESL', '2020-09-08 08:50:28', '2020-09-08 08:50:28'),
(343, 5, 2, 19, 23, '1Q5', '2020-09-08 08:50:28', '2020-09-08 08:50:28'),
(344, 5, 2, 19, 22, '5Q2 ESL', '2020-09-08 08:50:28', '2020-09-08 08:50:28'),
(345, 5, 2, 19, 24, '4Q1 ESL', '2020-09-08 08:50:28', '2020-09-08 08:50:28'),
(346, 5, 2, 20, 23, '1Q5', '2020-09-08 08:50:28', '2020-09-08 08:50:28'),
(347, 5, 2, 20, 22, '5Q2 ESL', '2020-09-08 08:50:28', '2020-09-08 08:50:28'),
(348, 5, 3, 13, 23, '1Q4', '2020-09-08 08:50:28', '2020-09-08 08:50:28'),
(349, 5, 3, 13, 22, '5Q3 ESL', '2020-09-08 08:50:28', '2020-09-08 08:50:28'),
(350, 5, 3, 13, 24, '4Q2 ESL', '2020-09-08 08:50:28', '2020-09-08 08:50:28'),
(351, 5, 3, 14, 23, '1Q4', '2020-09-08 08:50:28', '2020-09-08 08:50:28'),
(352, 5, 3, 14, 22, '5Q3 ESL', '2020-09-08 08:50:28', '2020-09-08 08:50:28'),
(353, 5, 3, 14, 24, '4Q2 ESL', '2020-09-08 08:50:28', '2020-09-08 08:50:28'),
(354, 5, 3, 15, 23, '1Q4', '2020-09-08 08:50:28', '2020-09-08 08:50:28'),
(355, 5, 3, 16, 23, '1Q5', '2020-09-08 08:50:28', '2020-09-08 08:50:28'),
(356, 5, 3, 16, 22, '5Q2 ESL', '2020-09-08 08:50:28', '2020-09-08 08:50:28'),
(357, 5, 3, 16, 24, '4Q1 M', '2020-09-08 08:50:28', '2020-09-08 08:50:28'),
(358, 5, 3, 17, 23, '1Q5', '2020-09-08 08:50:28', '2020-09-08 08:50:28'),
(359, 5, 3, 17, 22, '5Q2 ESL', '2020-09-08 08:50:28', '2020-09-08 08:50:28'),
(360, 5, 3, 17, 24, '4Q1 M', '2020-09-08 08:50:28', '2020-09-08 08:50:28'),
(361, 5, 3, 18, 22, '5Q1 Sc', '2020-09-08 08:50:28', '2020-09-08 08:50:28'),
(362, 5, 3, 19, 22, '5Q1 Sc', '2020-09-08 08:50:28', '2020-09-08 08:50:28'),
(363, 5, 4, 13, 23, '1Q5', '2020-09-08 08:50:28', '2020-09-08 08:50:28'),
(364, 5, 4, 13, 24, '4Q1 Sc', '2020-09-08 08:50:28', '2020-09-08 08:50:28'),
(365, 5, 4, 14, 23, '1Q5', '2020-09-08 08:50:28', '2020-09-08 08:50:28'),
(366, 5, 4, 14, 24, '4Q1 Sc', '2020-09-08 08:50:28', '2020-09-08 08:50:28'),
(367, 5, 4, 15, 23, '1Q5', '2020-09-08 08:50:28', '2020-09-08 08:50:28'),
(368, 5, 4, 15, 24, '4Q1 ESL', '2020-09-08 08:50:28', '2020-09-08 08:50:28'),
(369, 5, 4, 16, 23, '1Q4', '2020-09-08 08:50:28', '2020-09-08 08:50:28'),
(370, 5, 4, 16, 22, '5Q2 ESL', '2020-09-08 08:50:28', '2020-09-08 08:50:28'),
(371, 5, 4, 16, 24, '4Q2 Sc', '2020-09-08 08:50:28', '2020-09-08 08:50:28'),
(372, 5, 4, 17, 23, '1Q4', '2020-09-08 08:50:28', '2020-09-08 08:50:28'),
(373, 5, 4, 17, 22, '5Q2 ESL', '2020-09-08 08:50:28', '2020-09-08 08:50:28'),
(374, 5, 4, 17, 24, '4Q2 Sc', '2020-09-08 08:50:28', '2020-09-08 08:50:28'),
(375, 5, 4, 18, 22, '5Q1 ESL', '2020-09-08 08:50:28', '2020-09-08 08:50:28'),
(376, 5, 4, 18, 24, '4Q2 ESL', '2020-09-08 08:50:28', '2020-09-08 08:50:28'),
(377, 5, 4, 18, 28, '5Q3 Math', '2020-09-08 08:50:28', '2020-09-08 08:50:28'),
(378, 5, 4, 19, 22, '5Q1 ESL', '2020-09-08 08:50:28', '2020-09-08 08:50:28'),
(379, 5, 4, 19, 28, '5Q3 Math', '2020-09-08 08:50:28', '2020-09-08 08:50:28'),
(380, 5, 4, 20, 22, '5Q1 ESL', '2020-09-08 08:50:28', '2020-09-08 08:50:28'),
(381, 5, 5, 13, 23, '1Q4', '2020-09-08 08:50:28', '2020-09-08 08:50:28'),
(382, 5, 5, 13, 22, '5Q3 ESL', '2020-09-08 08:50:28', '2020-09-08 08:50:28'),
(383, 5, 5, 13, 24, '4Q1 ESL', '2020-09-08 08:50:28', '2020-09-08 08:50:28'),
(384, 5, 5, 13, 28, '5Q2 Math', '2020-09-08 08:50:28', '2020-09-08 08:50:28'),
(385, 5, 5, 14, 23, '1Q4', '2020-09-08 08:50:28', '2020-09-08 08:50:28'),
(386, 5, 5, 14, 22, '5Q3 ESL', '2020-09-08 08:50:28', '2020-09-08 08:50:28'),
(387, 5, 5, 14, 24, '4Q1 ESL', '2020-09-08 08:50:28', '2020-09-08 08:50:28'),
(388, 5, 5, 14, 28, '5Q2 Math', '2020-09-08 08:50:28', '2020-09-08 08:50:28'),
(389, 5, 5, 15, 28, '5Q1 Math', '2020-09-08 08:50:28', '2020-09-08 08:50:28'),
(390, 5, 5, 16, 23, '1Q5', '2020-09-08 08:50:28', '2020-09-08 08:50:28'),
(391, 5, 5, 16, 24, '4Q2 M', '2020-09-08 08:50:28', '2020-09-08 08:50:28'),
(392, 5, 5, 16, 28, '5Q1 Math', '2020-09-08 08:50:28', '2020-09-08 08:50:28'),
(393, 5, 5, 17, 23, '1Q5', '2020-09-08 08:50:28', '2020-09-08 08:50:28'),
(394, 5, 5, 17, 24, '4Q2 M', '2020-09-08 08:50:28', '2020-09-08 08:50:28'),
(395, 6, 1, 22, 28, '2A', '2020-09-08 08:50:28', '2020-09-08 08:50:28'),
(396, 6, 1, 23, 28, '2B', '2020-09-08 08:50:28', '2020-09-08 08:50:28'),
(397, 6, 1, 25, 28, '2E', '2020-09-08 08:50:28', '2020-09-08 08:50:28'),
(398, 6, 1, 27, 25, '2D', '2020-09-08 08:50:28', '2020-09-08 08:50:28'),
(399, 6, 1, 28, 25, '2C', '2020-09-08 08:50:28', '2020-09-08 08:50:28'),
(400, 6, 2, 21, 25, '3E', '2020-09-08 08:50:28', '2020-09-08 08:50:28'),
(401, 6, 2, 22, 25, '2D', '2020-09-08 08:50:28', '2020-09-08 08:50:28'),
(402, 6, 2, 23, 25, '3G', '2020-09-08 08:50:28', '2020-09-08 08:50:28'),
(403, 6, 2, 24, 28, '2E', '2020-09-08 08:50:28', '2020-09-08 08:50:28'),
(404, 6, 2, 25, 25, '3C', '2020-09-08 08:50:28', '2020-09-08 08:50:28'),
(405, 6, 2, 26, 25, '3B', '2020-09-08 08:50:28', '2020-09-08 08:50:28'),
(406, 6, 2, 27, 28, '2B', '2020-09-08 08:50:28', '2020-09-08 08:50:28'),
(407, 6, 2, 28, 28, '2A', '2020-09-08 08:50:28', '2020-09-08 08:50:28'),
(408, 6, 3, 21, 25, '3A', '2020-09-08 08:50:28', '2020-09-08 08:50:28'),
(409, 6, 3, 22, 25, '2D', '2020-09-08 08:50:28', '2020-09-08 08:50:28'),
(410, 6, 3, 23, 25, '2C', '2020-09-08 08:50:28', '2020-09-08 08:50:28'),
(411, 6, 3, 24, 28, '2A', '2020-09-08 08:50:28', '2020-09-08 08:50:28'),
(412, 6, 3, 25, 28, '2B', '2020-09-08 08:50:28', '2020-09-08 08:50:28'),
(413, 6, 3, 25, 25, '3D', '2020-09-08 08:50:28', '2020-09-08 08:50:28'),
(414, 6, 3, 26, 28, '2E', '2020-09-08 08:50:28', '2020-09-08 08:50:28'),
(415, 6, 3, 27, 25, '3H', '2020-09-08 08:50:28', '2020-09-08 08:50:28'),
(416, 6, 3, 28, 25, '3E', '2020-09-08 08:50:28', '2020-09-08 08:50:28'),
(417, 6, 4, 26, 25, '3A', '2020-09-08 08:50:28', '2020-09-08 08:50:28'),
(418, 6, 4, 28, 25, '3B', '2020-09-08 08:50:28', '2020-09-08 08:50:28'),
(419, 6, 5, 21, 25, '3G', '2020-09-08 08:50:28', '2020-09-08 08:50:28'),
(420, 6, 5, 22, 25, '3C', '2020-09-08 08:50:28', '2020-09-08 08:50:28'),
(421, 6, 5, 23, 25, '3H', '2020-09-08 08:50:28', '2020-09-08 08:50:28'),
(422, 6, 5, 24, 25, '3D', '2020-09-08 08:50:28', '2020-09-08 08:50:28'),
(423, 6, 5, 25, 25, '2C', '2020-09-08 08:50:28', '2020-09-08 08:50:28'),
(424, 10, 1, 31, 21, '1S1', '2020-09-08 08:50:28', '2020-09-08 08:50:28'),
(425, 10, 1, 32, 21, '1S1', '2020-09-08 08:50:28', '2020-09-08 08:50:28'),
(426, 10, 1, 33, 21, '1C1', '2020-09-08 08:50:28', '2020-09-08 08:50:28'),
(427, 10, 1, 34, 21, '1C1', '2020-09-08 08:50:28', '2020-09-08 08:50:28'),
(428, 10, 1, 35, 21, '1C2', '2020-09-08 08:50:28', '2020-09-08 08:50:28'),
(429, 10, 1, 36, 21, '1C2', '2020-09-08 08:50:28', '2020-09-08 08:50:28'),
(430, 10, 4, 31, 21, '1S1', '2020-09-08 08:50:28', '2020-09-08 08:50:28'),
(431, 10, 4, 32, 21, '1S1', '2020-09-08 08:50:28', '2020-09-08 08:50:28'),
(432, 9, 2, 37, 21, '1B2', '2020-09-08 08:50:28', '2020-09-08 08:50:28'),
(433, 9, 2, 38, 21, '1B2', '2020-09-08 08:50:28', '2020-09-08 08:50:28'),
(434, 9, 2, 39, 21, '1B1', '2020-09-08 08:50:28', '2020-09-08 08:50:28'),
(435, 9, 2, 40, 21, '1B1', '2020-09-08 08:50:28', '2020-09-08 08:50:28'),
(436, 9, 2, 42, 21, '1B3', '2020-09-08 08:50:28', '2020-09-08 08:50:28'),
(437, 9, 2, 43, 21, '1B3', '2020-09-08 08:50:28', '2020-09-08 08:50:28'),
(438, 9, 2, 44, 21, '1B4', '2020-09-08 08:50:28', '2020-09-08 08:50:28'),
(439, 9, 2, 45, 21, '1B4', '2020-09-08 08:50:28', '2020-09-08 08:50:28'),
(440, 9, 3, 37, 21, '1B3', '2020-09-08 08:50:28', '2020-09-08 08:50:28'),
(441, 9, 3, 38, 21, '1B3', '2020-09-08 08:50:28', '2020-09-08 08:50:28'),
(442, 9, 3, 39, 21, '1B4', '2020-09-08 08:50:28', '2020-09-08 08:50:28'),
(443, 9, 3, 40, 21, '1B4', '2020-09-08 08:50:28', '2020-09-08 08:50:28'),
(444, 9, 3, 42, 21, '1B1', '2020-09-08 08:50:28', '2020-09-08 08:50:28'),
(445, 9, 3, 43, 21, '1B1', '2020-09-08 08:50:28', '2020-09-08 08:50:28'),
(446, 9, 3, 44, 21, '1B2', '2020-09-08 08:50:28', '2020-09-08 08:50:28'),
(447, 9, 3, 45, 21, '1B2', '2020-09-08 08:50:28', '2020-09-08 08:50:28'),
(448, 5, 1, 13, 1, NULL, '2020-09-08 09:37:06', '2020-09-08 09:37:06');

-- --------------------------------------------------------

--
-- Cấu trúc bảng cho bảng `evaluations`
--

CREATE TABLE `evaluations` (
  `id` int(10) UNSIGNED NOT NULL,
  `id_schedules` int(10) UNSIGNED DEFAULT NULL,
  `id_teacher` int(10) UNSIGNED DEFAULT NULL,
  `id_location` int(10) UNSIGNED DEFAULT NULL,
  `content` longtext COLLATE utf8mb4_unicode_ci DEFAULT NULL,
  `objective` longtext COLLATE utf8mb4_unicode_ci DEFAULT NULL,
  `comment` varchar(255) COLLATE utf8mb4_unicode_ci DEFAULT NULL,
  `status` varchar(255) COLLATE utf8mb4_unicode_ci DEFAULT '0',
  `author` int(10) UNSIGNED DEFAULT NULL,
  `lesson_flow` longtext COLLATE utf8mb4_unicode_ci DEFAULT NULL,
  `strengths` longtext COLLATE utf8mb4_unicode_ci DEFAULT NULL,
  `improvement` longtext COLLATE utf8mb4_unicode_ci DEFAULT NULL,
  `part1` longtext CHARACTER SET utf8mb4 COLLATE utf8mb4_bin DEFAULT NULL,
  `part2a` longtext CHARACTER SET utf8mb4 COLLATE utf8mb4_bin DEFAULT NULL,
  `part2b` longtext CHARACTER SET utf8mb4 COLLATE utf8mb4_bin DEFAULT NULL,
  `part2c` longtext CHARACTER SET utf8mb4 COLLATE utf8mb4_bin DEFAULT NULL,
  `part2d` longtext CHARACTER SET utf8mb4 COLLATE utf8mb4_bin DEFAULT NULL,
  `part3a` longtext CHARACTER SET utf8mb4 COLLATE utf8mb4_bin DEFAULT NULL,
  `part3b` longtext CHARACTER SET utf8mb4 COLLATE utf8mb4_bin DEFAULT NULL,
  `part3c` longtext CHARACTER SET utf8mb4 COLLATE utf8mb4_bin DEFAULT NULL,
  `part3d` longtext CHARACTER SET utf8mb4 COLLATE utf8mb4_bin DEFAULT NULL,
  `part4a` longtext CHARACTER SET utf8mb4 COLLATE utf8mb4_bin DEFAULT NULL,
  `part4b` longtext CHARACTER SET utf8mb4 COLLATE utf8mb4_bin DEFAULT NULL,
  `part4c` longtext CHARACTER SET utf8mb4 COLLATE utf8mb4_bin DEFAULT NULL,
  `test` varchar(255) COLLATE utf8mb4_unicode_ci DEFAULT NULL,
  `editor` int(10) UNSIGNED DEFAULT NULL,
  `created_at` timestamp NULL DEFAULT NULL,
  `updated_at` timestamp NULL DEFAULT NULL
) ENGINE=InnoDB DEFAULT CHARSET=utf8mb4 COLLATE=utf8mb4_unicode_ci;

--
-- Đang đổ dữ liệu cho bảng `evaluations`
--

INSERT INTO `evaluations` (`id`, `id_schedules`, `id_teacher`, `id_location`, `content`, `objective`, `comment`, `status`, `author`, `lesson_flow`, `strengths`, `improvement`, `part1`, `part2a`, `part2b`, `part2c`, `part2d`, `part3a`, `part3b`, `part3c`, `part3d`, `part4a`, `part4b`, `part4c`, `test`, `editor`, `created_at`, `updated_at`) VALUES
(64, 46, 1, 1, 'fwefewf', 'fewfew', NULL, '1', 1, 'fedf', 'fe\r\nefw\r\nfwe', 'fwef', '{\"p1_1\":{\"basic\":null,\"appro\":\"2\",\"compe\":null,\"outst\":null},\"p1_2\":{\"basic_1\":null,\"appro_1\":\"2\",\"compe_1\":null,\"outst_1\":null,\"basic_2\":null,\"appro_2\":\"2\",\"compe_2\":null,\"outst_2\":null}}', '{\"p2a1\":{\"basic\":null,\"appro\":\"2\",\"compe\":null,\"outst\":null},\"p2a2\":{\"basic\":null,\"appro\":\"2\",\"compe\":null,\"outst\":null},\"p2a3\":{\"basic\":null,\"appro\":\"2\",\"compe\":null,\"outst\":null}}', '{\"p2b1\":{\"basic\":null,\"appro\":\"2\",\"compe\":null,\"outst\":null},\"p2b2\":{\"basic\":null,\"appro\":\"2\",\"compe\":null,\"outst\":null}}', '{\"p2c1\":{\"basic\":null,\"appro\":\"2\",\"compe\":null,\"outst\":null},\"p2c2\":{\"basic_1\":null,\"appro_1\":\"2\",\"compe_1\":null,\"outst_1\":null,\"basic_2\":null,\"appro_2\":null,\"compe_2\":null,\"outst_2\":null},\"p2c3\":{\"basic\":null,\"appro\":\"2\",\"compe\":null,\"outst\":null}}', '{\"p2d1\":{\"basic\":null,\"appro\":null,\"compe\":null,\"outst\":null},\"p2d2\":{\"basic\":null,\"appro\":null,\"compe\":null,\"outst\":null}}', '{\"p3a1\":{\"basic\":null,\"appro\":\"2\",\"compe\":null,\"outst\":null},\"p3a2\":{\"basic\":null,\"appro\":\"2\",\"compe\":null,\"outst\":null},\"p3a3\":{\"basic\":null,\"appro\":\"2\",\"compe\":null,\"outst\":null},\"p3a4\":{\"basic_1\":null,\"appro_1\":\"2\",\"compe_1\":null,\"outst_1\":null,\"basic_2\":null,\"appro_2\":\"2\",\"compe_2\":null,\"outst_2\":null}}', '{\"p3b1\":{\"basic_1\":null,\"appro_1\":\"2\",\"compe_1\":null,\"outst_1\":null,\"basic_2\":null,\"appro_2\":\"2\",\"compe_2\":null,\"outst_2\":null},\"p3b2\":{\"basic\":null,\"appro\":\"2\",\"compe\":null,\"outst\":null}}', '{\"p3c1\":{\"basic_1\":null,\"appro_1\":\"2\",\"compe_1\":null,\"outst_1\":null,\"basic_2\":null,\"appro_2\":null,\"compe_2\":null,\"outst_2\":null},\"p3c2\":{\"basic\":null,\"appro\":\"2\",\"compe\":null,\"outst\":null}}', '{\"p3d1\":{\"basic\":null,\"appro\":\"2\",\"compe\":null,\"outst\":null},\"p3d2\":{\"basic_1\":null,\"appro_1\":\"2\",\"compe_1\":null,\"outst_1\":null,\"basic_2\":null,\"appro_2\":\"2\",\"compe_2\":null,\"outst_2\":null,\"basic_3\":null,\"appro_3\":\"2\",\"compe_3\":null,\"outst_3\":null}}', '{\"p4a1\":{\"basic\":null,\"appro\":\"2\",\"compe\":null,\"outst\":null},\"p4a2\":{\"basic_1\":null,\"appro_1\":null,\"compe_1\":null,\"outst_1\":null,\"basic_2\":null,\"appro_2\":null,\"compe_2\":null,\"outst_2\":null}}', '{\"p4b\":{\"basic\":null,\"appro\":null,\"compe\":null,\"outst\":null}}', '{\"p4c\":{\"basic\":null,\"appro\":null,\"compe\":null,\"outst\":null}}', '09/08/2020', 1, '2020-09-08 09:41:57', '2020-09-08 09:41:57'),
(65, 47, 1, 1, 'fwqf', 'wfwqf', NULL, '1', 1, 'f', 'fqwf', 'qwf', '{\"p1_1\":{\"basic\":null,\"appro\":\"2\",\"compe\":null,\"outst\":null},\"p1_2\":{\"basic_1\":null,\"appro_1\":\"2\",\"compe_1\":null,\"outst_1\":null,\"basic_2\":null,\"appro_2\":\"2\",\"compe_2\":null,\"outst_2\":null}}', '{\"p2a1\":{\"basic\":null,\"appro\":\"2\",\"compe\":null,\"outst\":null},\"p2a2\":{\"basic\":null,\"appro\":\"2\",\"compe\":null,\"outst\":null},\"p2a3\":{\"basic\":null,\"appro\":\"2\",\"compe\":null,\"outst\":null}}', '{\"p2b1\":{\"basic\":null,\"appro\":\"2\",\"compe\":null,\"outst\":null},\"p2b2\":{\"basic\":null,\"appro\":\"2\",\"compe\":null,\"outst\":null}}', '{\"p2c1\":{\"basic\":null,\"appro\":null,\"compe\":null,\"outst\":null},\"p2c2\":{\"basic_1\":null,\"appro_1\":null,\"compe_1\":null,\"outst_1\":null,\"basic_2\":null,\"appro_2\":null,\"compe_2\":null,\"outst_2\":null},\"p2c3\":{\"basic\":null,\"appro\":null,\"compe\":null,\"outst\":null}}', '{\"p2d1\":{\"basic\":null,\"appro\":null,\"compe\":null,\"outst\":null},\"p2d2\":{\"basic\":null,\"appro\":null,\"compe\":null,\"outst\":null}}', '{\"p3a1\":{\"basic\":null,\"appro\":null,\"compe\":null,\"outst\":null},\"p3a2\":{\"basic\":null,\"appro\":null,\"compe\":null,\"outst\":null},\"p3a3\":{\"basic\":null,\"appro\":null,\"compe\":null,\"outst\":null},\"p3a4\":{\"basic_1\":null,\"appro_1\":null,\"compe_1\":null,\"outst_1\":null,\"basic_2\":null,\"appro_2\":null,\"compe_2\":null,\"outst_2\":null}}', '{\"p3b1\":{\"basic_1\":null,\"appro_1\":null,\"compe_1\":null,\"outst_1\":null,\"basic_2\":null,\"appro_2\":null,\"compe_2\":null,\"outst_2\":null},\"p3b2\":{\"basic\":null,\"appro\":null,\"compe\":null,\"outst\":null}}', '{\"p3c1\":{\"basic_1\":null,\"appro_1\":null,\"compe_1\":null,\"outst_1\":null,\"basic_2\":null,\"appro_2\":null,\"compe_2\":null,\"outst_2\":null},\"p3c2\":{\"basic\":null,\"appro\":null,\"compe\":null,\"outst\":null}}', '{\"p3d1\":{\"basic\":null,\"appro\":null,\"compe\":null,\"outst\":null},\"p3d2\":{\"basic_1\":null,\"appro_1\":null,\"compe_1\":null,\"outst_1\":null,\"basic_2\":null,\"appro_2\":null,\"compe_2\":null,\"outst_2\":null,\"basic_3\":null,\"appro_3\":null,\"compe_3\":null,\"outst_3\":null}}', '{\"p4a1\":{\"basic\":null,\"appro\":null,\"compe\":null,\"outst\":null},\"p4a2\":{\"basic_1\":null,\"appro_1\":null,\"compe_1\":null,\"outst_1\":null,\"basic_2\":null,\"appro_2\":null,\"compe_2\":null,\"outst_2\":null}}', '{\"p4b\":{\"basic\":null,\"appro\":null,\"compe\":null,\"outst\":null}}', '{\"p4c\":{\"basic\":null,\"appro\":null,\"compe\":null,\"outst\":null}}', '09/08/2020', 1, '2020-09-08 10:41:30', '2020-09-08 10:41:30'),
(66, 48, 1, 1, 'gsdfsdfd', 'fdsf', NULL, '1', 1, 'sdgsdf', 'fsd', 'fsdf', '{\"p1_1\":{\"basic\":null,\"appro\":\"2\",\"compe\":null,\"outst\":null},\"p1_2\":{\"basic_1\":null,\"appro_1\":\"2\",\"compe_1\":null,\"outst_1\":null,\"basic_2\":null,\"appro_2\":null,\"compe_2\":null,\"outst_2\":null}}', '{\"p2a1\":{\"basic\":null,\"appro\":\"2\",\"compe\":null,\"outst\":null},\"p2a2\":{\"basic\":null,\"appro\":null,\"compe\":null,\"outst\":null},\"p2a3\":{\"basic\":null,\"appro\":null,\"compe\":null,\"outst\":null}}', '{\"p2b1\":{\"basic\":null,\"appro\":\"2\",\"compe\":null,\"outst\":null},\"p2b2\":{\"basic\":null,\"appro\":null,\"compe\":null,\"outst\":null}}', '{\"p2c1\":{\"basic\":null,\"appro\":null,\"compe\":null,\"outst\":null},\"p2c2\":{\"basic_1\":null,\"appro_1\":null,\"compe_1\":null,\"outst_1\":null,\"basic_2\":null,\"appro_2\":null,\"compe_2\":null,\"outst_2\":null},\"p2c3\":{\"basic\":null,\"appro\":null,\"compe\":null,\"outst\":null}}', '{\"p2d1\":{\"basic\":null,\"appro\":null,\"compe\":null,\"outst\":null},\"p2d2\":{\"basic\":null,\"appro\":null,\"compe\":null,\"outst\":null}}', '{\"p3a1\":{\"basic\":null,\"appro\":null,\"compe\":null,\"outst\":null},\"p3a2\":{\"basic\":null,\"appro\":null,\"compe\":null,\"outst\":null},\"p3a3\":{\"basic\":null,\"appro\":\"2\",\"compe\":null,\"outst\":null},\"p3a4\":{\"basic_1\":null,\"appro_1\":null,\"compe_1\":null,\"outst_1\":null,\"basic_2\":null,\"appro_2\":null,\"compe_2\":null,\"outst_2\":null}}', '{\"p3b1\":{\"basic_1\":null,\"appro_1\":null,\"compe_1\":null,\"outst_1\":null,\"basic_2\":null,\"appro_2\":null,\"compe_2\":null,\"outst_2\":null},\"p3b2\":{\"basic\":null,\"appro\":null,\"compe\":null,\"outst\":null}}', '{\"p3c1\":{\"basic_1\":null,\"appro_1\":null,\"compe_1\":null,\"outst_1\":null,\"basic_2\":null,\"appro_2\":null,\"compe_2\":null,\"outst_2\":null},\"p3c2\":{\"basic\":null,\"appro\":null,\"compe\":null,\"outst\":null}}', '{\"p3d1\":{\"basic\":null,\"appro\":null,\"compe\":null,\"outst\":null},\"p3d2\":{\"basic_1\":null,\"appro_1\":null,\"compe_1\":null,\"outst_1\":null,\"basic_2\":null,\"appro_2\":null,\"compe_2\":null,\"outst_2\":null,\"basic_3\":null,\"appro_3\":null,\"compe_3\":null,\"outst_3\":null}}', '{\"p4a1\":{\"basic\":null,\"appro\":\"2\",\"compe\":null,\"outst\":null},\"p4a2\":{\"basic_1\":null,\"appro_1\":null,\"compe_1\":null,\"outst_1\":null,\"basic_2\":null,\"appro_2\":null,\"compe_2\":null,\"outst_2\":null}}', '{\"p4b\":{\"basic\":null,\"appro\":null,\"compe\":null,\"outst\":null}}', '{\"p4c\":{\"basic\":null,\"appro\":null,\"compe\":null,\"outst\":null}}', '09/08/2020', 1, '2020-09-08 11:56:08', '2020-09-08 11:56:08'),
(67, 49, 1, 1, 'ewf', 'fwefew', NULL, '1', 1, 'qừ', 'huhu', 'huhuhuhu', '{\"p1_1\":{\"basic\":null,\"appro\":null,\"compe\":null,\"outst\":null},\"p1_2\":{\"basic_1\":null,\"appro_1\":null,\"compe_1\":null,\"outst_1\":null,\"basic_2\":null,\"appro_2\":null,\"compe_2\":null,\"outst_2\":null}}', '{\"p2a1\":{\"basic\":null,\"appro\":null,\"compe\":null,\"outst\":null},\"p2a2\":{\"basic\":null,\"appro\":null,\"compe\":null,\"outst\":null},\"p2a3\":{\"basic\":null,\"appro\":null,\"compe\":null,\"outst\":null}}', '{\"p2b1\":{\"basic\":null,\"appro\":null,\"compe\":null,\"outst\":null},\"p2b2\":{\"basic\":null,\"appro\":null,\"compe\":null,\"outst\":null}}', '{\"p2c1\":{\"basic\":null,\"appro\":null,\"compe\":null,\"outst\":null},\"p2c2\":{\"basic_1\":null,\"appro_1\":null,\"compe_1\":null,\"outst_1\":null,\"basic_2\":null,\"appro_2\":null,\"compe_2\":null,\"outst_2\":null},\"p2c3\":{\"basic\":null,\"appro\":null,\"compe\":null,\"outst\":null}}', '{\"p2d1\":{\"basic\":null,\"appro\":null,\"compe\":null,\"outst\":null},\"p2d2\":{\"basic\":null,\"appro\":null,\"compe\":null,\"outst\":null}}', '{\"p3a1\":{\"basic\":null,\"appro\":null,\"compe\":null,\"outst\":null},\"p3a2\":{\"basic\":null,\"appro\":null,\"compe\":null,\"outst\":null},\"p3a3\":{\"basic\":null,\"appro\":null,\"compe\":null,\"outst\":null},\"p3a4\":{\"basic_1\":null,\"appro_1\":null,\"compe_1\":null,\"outst_1\":null,\"basic_2\":null,\"appro_2\":null,\"compe_2\":null,\"outst_2\":null}}', '{\"p3b1\":{\"basic_1\":null,\"appro_1\":null,\"compe_1\":null,\"outst_1\":null,\"basic_2\":null,\"appro_2\":null,\"compe_2\":null,\"outst_2\":null},\"p3b2\":{\"basic\":null,\"appro\":\"2\",\"compe\":null,\"outst\":null}}', '{\"p3c1\":{\"basic_1\":null,\"appro_1\":\"2\",\"compe_1\":null,\"outst_1\":null,\"basic_2\":null,\"appro_2\":null,\"compe_2\":null,\"outst_2\":null},\"p3c2\":{\"basic\":null,\"appro\":null,\"compe\":null,\"outst\":null}}', '{\"p3d1\":{\"basic\":null,\"appro\":null,\"compe\":null,\"outst\":null},\"p3d2\":{\"basic_1\":null,\"appro_1\":null,\"compe_1\":null,\"outst_1\":null,\"basic_2\":null,\"appro_2\":\"2\",\"compe_2\":null,\"outst_2\":null,\"basic_3\":null,\"appro_3\":\"2\",\"compe_3\":null,\"outst_3\":null}}', '{\"p4a1\":{\"basic\":null,\"appro\":\"2\",\"compe\":\"3\",\"outst\":null},\"p4a2\":{\"basic_1\":null,\"appro_1\":null,\"compe_1\":null,\"outst_1\":null,\"basic_2\":null,\"appro_2\":null,\"compe_2\":null,\"outst_2\":null}}', '{\"p4b\":{\"basic\":null,\"appro\":null,\"compe\":null,\"outst\":null}}', '{\"p4c\":{\"basic\":null,\"appro\":null,\"compe\":null,\"outst\":null}}', '09/08/2020', 1, '2020-09-08 11:57:29', '2020-09-08 11:58:01'),
(68, 52, 1, 1, 'fsdfsdfdsf\r\ndsfds\r\nfds', 'sd\r\nfsdf\r\nsdf\r\nds', NULL, '1', 1, 'fdsf\r\nsdfds\r\nfds\r\nf', 'sdf\r\nsdfds\r\nfdsf', 's\r\nfsdfd\r\nf', '{\"p1_1\":{\"basic\":null,\"appro\":\"2\",\"compe\":null,\"outst\":null},\"p1_2\":{\"basic_1\":null,\"appro_1\":null,\"compe_1\":null,\"outst_1\":null,\"basic_2\":null,\"appro_2\":null,\"compe_2\":null,\"outst_2\":null}}', '{\"p2a1\":{\"basic\":null,\"appro\":null,\"compe\":null,\"outst\":null},\"p2a2\":{\"basic\":null,\"appro\":null,\"compe\":null,\"outst\":null},\"p2a3\":{\"basic\":null,\"appro\":null,\"compe\":null,\"outst\":null}}', '{\"p2b1\":{\"basic\":null,\"appro\":null,\"compe\":null,\"outst\":null},\"p2b2\":{\"basic\":null,\"appro\":null,\"compe\":null,\"outst\":null}}', '{\"p2c1\":{\"basic\":null,\"appro\":null,\"compe\":null,\"outst\":null},\"p2c2\":{\"basic_1\":null,\"appro_1\":null,\"compe_1\":null,\"outst_1\":null,\"basic_2\":null,\"appro_2\":null,\"compe_2\":null,\"outst_2\":null},\"p2c3\":{\"basic\":null,\"appro\":null,\"compe\":null,\"outst\":null}}', '{\"p2d1\":{\"basic\":null,\"appro\":null,\"compe\":null,\"outst\":null},\"p2d2\":{\"basic\":null,\"appro\":null,\"compe\":null,\"outst\":null}}', '{\"p3a1\":{\"basic\":null,\"appro\":null,\"compe\":null,\"outst\":null},\"p3a2\":{\"basic\":null,\"appro\":null,\"compe\":null,\"outst\":null},\"p3a3\":{\"basic\":null,\"appro\":null,\"compe\":null,\"outst\":null},\"p3a4\":{\"basic_1\":null,\"appro_1\":null,\"compe_1\":null,\"outst_1\":null,\"basic_2\":null,\"appro_2\":null,\"compe_2\":null,\"outst_2\":null}}', '{\"p3b1\":{\"basic_1\":null,\"appro_1\":null,\"compe_1\":null,\"outst_1\":null,\"basic_2\":null,\"appro_2\":null,\"compe_2\":null,\"outst_2\":null},\"p3b2\":{\"basic\":null,\"appro\":null,\"compe\":null,\"outst\":null}}', '{\"p3c1\":{\"basic_1\":null,\"appro_1\":null,\"compe_1\":null,\"outst_1\":null,\"basic_2\":null,\"appro_2\":null,\"compe_2\":null,\"outst_2\":null},\"p3c2\":{\"basic\":null,\"appro\":null,\"compe\":null,\"outst\":null}}', '{\"p3d1\":{\"basic\":null,\"appro\":null,\"compe\":null,\"outst\":null},\"p3d2\":{\"basic_1\":null,\"appro_1\":null,\"compe_1\":null,\"outst_1\":null,\"basic_2\":null,\"appro_2\":null,\"compe_2\":null,\"outst_2\":null,\"basic_3\":null,\"appro_3\":null,\"compe_3\":null,\"outst_3\":null}}', '{\"p4a1\":{\"basic\":null,\"appro\":null,\"compe\":null,\"outst\":null},\"p4a2\":{\"basic_1\":null,\"appro_1\":null,\"compe_1\":null,\"outst_1\":null,\"basic_2\":null,\"appro_2\":null,\"compe_2\":null,\"outst_2\":null}}', '{\"p4b\":{\"basic\":null,\"appro\":null,\"compe\":null,\"outst\":null}}', '{\"p4c\":{\"basic\":null,\"appro\":null,\"compe\":null,\"outst\":null}}', '09/10/2020', 1, '2020-09-10 09:19:18', '2020-09-10 09:34:14'),
(69, 53, 1, 1, '<p>fwfqwf</p><p>wf</p><p>wf</p><p>w</p>', '<p>fw</p><p>fwf</p><p>wfw</p><p><br></p>', NULL, '1', 1, '<p>fw</p><p>fwf</p><p>wfw</p><p>f</p>', '<p>f</p><p>wqf</p><p>wegwe</p><p>g</p>', '<p>wefwe</p><p>fwef</p><p>wef</p>', '{\"p1_1\":{\"basic\":null,\"appro\":null,\"compe\":null,\"outst\":null},\"p1_2\":{\"basic_1\":null,\"appro_1\":null,\"compe_1\":null,\"outst_1\":null,\"basic_2\":null,\"appro_2\":null,\"compe_2\":null,\"outst_2\":null}}', '{\"p2a1\":{\"basic\":null,\"appro\":null,\"compe\":null,\"outst\":null},\"p2a2\":{\"basic\":null,\"appro\":null,\"compe\":null,\"outst\":null},\"p2a3\":{\"basic\":null,\"appro\":null,\"compe\":null,\"outst\":null}}', '{\"p2b1\":{\"basic\":null,\"appro\":null,\"compe\":null,\"outst\":null},\"p2b2\":{\"basic\":null,\"appro\":null,\"compe\":null,\"outst\":null}}', '{\"p2c1\":{\"basic\":null,\"appro\":null,\"compe\":null,\"outst\":null},\"p2c2\":{\"basic_1\":null,\"appro_1\":null,\"compe_1\":null,\"outst_1\":null,\"basic_2\":null,\"appro_2\":null,\"compe_2\":null,\"outst_2\":null},\"p2c3\":{\"basic\":null,\"appro\":null,\"compe\":null,\"outst\":null}}', '{\"p2d1\":{\"basic\":null,\"appro\":null,\"compe\":null,\"outst\":null},\"p2d2\":{\"basic\":null,\"appro\":null,\"compe\":null,\"outst\":null}}', '{\"p3a1\":{\"basic\":null,\"appro\":null,\"compe\":null,\"outst\":null},\"p3a2\":{\"basic\":null,\"appro\":null,\"compe\":null,\"outst\":null},\"p3a3\":{\"basic\":null,\"appro\":null,\"compe\":null,\"outst\":null},\"p3a4\":{\"basic_1\":null,\"appro_1\":null,\"compe_1\":null,\"outst_1\":null,\"basic_2\":null,\"appro_2\":null,\"compe_2\":null,\"outst_2\":null}}', '{\"p3b1\":{\"basic_1\":null,\"appro_1\":null,\"compe_1\":null,\"outst_1\":null,\"basic_2\":null,\"appro_2\":null,\"compe_2\":null,\"outst_2\":null},\"p3b2\":{\"basic\":null,\"appro\":null,\"compe\":null,\"outst\":null}}', '{\"p3c1\":{\"basic_1\":null,\"appro_1\":null,\"compe_1\":null,\"outst_1\":null,\"basic_2\":null,\"appro_2\":null,\"compe_2\":null,\"outst_2\":null},\"p3c2\":{\"basic\":null,\"appro\":null,\"compe\":null,\"outst\":null}}', '{\"p3d1\":{\"basic\":null,\"appro\":null,\"compe\":null,\"outst\":null},\"p3d2\":{\"basic_1\":null,\"appro_1\":null,\"compe_1\":null,\"outst_1\":null,\"basic_2\":null,\"appro_2\":null,\"compe_2\":null,\"outst_2\":null,\"basic_3\":null,\"appro_3\":null,\"compe_3\":null,\"outst_3\":null}}', '{\"p4a1\":{\"basic\":null,\"appro\":null,\"compe\":null,\"outst\":null},\"p4a2\":{\"basic_1\":null,\"appro_1\":null,\"compe_1\":null,\"outst_1\":null,\"basic_2\":null,\"appro_2\":null,\"compe_2\":null,\"outst_2\":null}}', '{\"p4b\":{\"basic\":null,\"appro\":null,\"compe\":null,\"outst\":null}}', '{\"p4c\":{\"basic\":null,\"appro\":null,\"compe\":null,\"outst\":null}}', '09/10/2020', 1, '2020-09-10 10:41:49', '2020-09-10 10:52:42');

-- --------------------------------------------------------

--
-- Cấu trúc bảng cho bảng `lesson_plans`
--

CREATE TABLE `lesson_plans` (
  `id` int(10) UNSIGNED NOT NULL,
  `teacher_id` int(10) UNSIGNED DEFAULT NULL,
  `title` varchar(255) COLLATE utf8mb4_unicode_ci DEFAULT NULL,
  `note` longtext COLLATE utf8mb4_unicode_ci DEFAULT NULL,
  `file` varchar(100) COLLATE utf8mb4_unicode_ci NOT NULL,
  `extension` varchar(100) COLLATE utf8mb4_unicode_ci DEFAULT NULL,
  `created_at` timestamp NULL DEFAULT NULL,
  `updated_at` timestamp NULL DEFAULT NULL
) ENGINE=InnoDB DEFAULT CHARSET=utf8mb4 COLLATE=utf8mb4_unicode_ci;

--
-- Đang đổ dữ liệu cho bảng `lesson_plans`
--

INSERT INTO `lesson_plans` (`id`, `teacher_id`, `title`, `note`, `file`, `extension`, `created_at`, `updated_at`) VALUES
(16, 22, 'Unit 8 OW4 Review_August 24-28', NULL, 'Unit 8 Review (August 24-28).docx', 'docx', '2020-08-23 05:06:05', '2020-08-23 05:06:05'),
(17, 23, 'Grade 1_Session 1_Week 1_ August 31-September 4', NULL, 'Grade 1_Session 1_Week 1 August 31 - September 4.docx', 'docx', '2020-08-28 05:25:46', '2020-08-28 05:25:46'),
(18, 23, 'Grade 1_OIC_Week 1_ August 31-September 4', NULL, 'Grade 1_Session 2_Week 1_August 31- September 4.docx', 'docx', '2020-08-28 05:27:30', '2020-08-28 05:27:30'),
(19, 23, 'Grade 1_OIC_Week 1_ August 31-September 4', NULL, 'Grade 1_Session 12_Week 1 August 31 - September 4.docx', 'docx', '2020-08-28 05:27:30', '2020-08-28 05:27:30'),
(20, 23, 'Grade 1_OIC_Week 1_ August 31-September 4', NULL, 'Grade 1_Session 11_Week 1 August 31 - September 4.docx', 'docx', '2020-08-28 05:27:30', '2020-08-28 05:27:30'),
(21, 23, 'Grade 1_OIC_Week 1_ August 31-September 4', NULL, 'Grade 1_Session 10_Week 1 August 31 - September 4.docx', 'docx', '2020-08-28 05:27:30', '2020-08-28 05:27:30'),
(22, 23, 'Grade 1_OIC_Week 1_ August 31-September 4', NULL, 'Grade 1_Session 9_Week 1 August 31 - September 4.docx', 'docx', '2020-08-28 05:27:30', '2020-08-28 05:27:30'),
(23, 23, 'Grade 1_OIC_Week 1_ August 31-September 4', NULL, 'Grade 1_Session 8_Week 1 August 31 - September 4.docx', 'docx', '2020-08-28 05:27:30', '2020-08-28 05:27:30'),
(25, 23, 'Grade 1_OIC_Week 1_ August 31-September 4', NULL, 'Grade 1_Session 6_Week 1 August 31 - September 4.docx', 'docx', '2020-08-28 05:27:30', '2020-08-28 05:27:30'),
(26, 23, 'Grade 1_OIC_Week 1_ August 31-September 4', NULL, 'Grade1_Session5_Week1_August31-September4.docx', 'docx', '2020-08-28 05:27:30', '2020-08-28 05:27:30'),
(27, 23, 'Grade 1_OIC_Week 1_ August 31-September 4', NULL, 'Grade1_Session4_Week1_August31-September4.docx', 'docx', '2020-08-28 05:27:30', '2020-08-28 05:27:30'),
(28, 23, 'Grade 1_OIC_Week 1_ August 31-September 4', NULL, 'Grade1_Session3_Week1_August 31-September 4.docx', 'docx', '2020-08-28 05:27:30', '2020-08-28 05:27:30'),
(29, 23, 'Grade 1_Session 7_Week 1_ August 31-September 4', 'Content to be provided', 'Grade 1_Session 7_Week 1 August 31 - September 4.docx', 'docx', '2020-08-28 05:28:42', '2020-08-28 05:28:42'),
(30, 17, 'Grade 5 Week August 3-4', 'These two days will be class rules and routines. We will begin Vocab 1 on 7/9.', 'Grade5Session1August3-4.docx', 'docx', '2020-08-29 04:16:55', '2020-08-29 04:16:55'),
(31, 17, 'Grade 5 Week August 3-4', 'These two days will be class rules and routines. We will begin Vocab 1 on 7/9.', 'Grade5Session2August3-4.docx', 'docx', '2020-08-29 04:16:55', '2020-08-29 04:16:55'),
(34, 17, 'Grade 3 Week August 3-4', 'These two days will be class rules and routines. We will begin Vocab 1 on 7/9.', 'Grade3Session1August3-4.docx', 'docx', '2020-08-29 04:36:09', '2020-08-29 04:36:09'),
(35, 17, 'Grade 3 Week August 3-4', 'These two days will be class rules and routines. We will begin Vocab 1 on 7/9.', 'Grade3Session2August3-4.docx', 'docx', '2020-08-29 04:36:09', '2020-08-29 04:36:09'),
(36, 21, 'OW_Grade 1_Session 1_Week Spt1-4', NULL, 'OW_Grade 1_Session 1_Week Spt1-4.docx', 'docx', '2020-08-29 10:01:57', '2020-08-29 10:01:57'),
(37, 21, 'OW_Grade 1_Session 2_Week Spt1-4', NULL, 'OW_Grade 1_Session 2_Week Spt1-4.docx', 'docx', '2020-08-29 10:08:21', '2020-08-29 10:08:21'),
(38, 10, 'Grade5_Session1,2_August31-Sep4', 'This is a double session that can be shortened or extended due to the nature of a two day week', 'Grade5 LessonPlan August 31.docx', 'docx', '2020-08-30 10:37:12', '2020-08-30 10:37:12'),
(39, 10, 'Grade2_Session1,2_August31-Sep4', NULL, 'Grade2 LessonPlan August 31.docx', 'docx', '2020-08-30 10:38:01', '2020-08-30 10:38:01'),
(40, 22, 'Grade 5_Sesson 1_ 30 Aug-4 Sep', NULL, 'Unit 9 Review (August 31 - September 4).docx', 'docx', '2020-08-30 13:15:35', '2020-08-30 13:15:35'),
(42, 1, 'y54y', '45y', 'G4-ESs1&2-Sept 7-11.docx', 'docx', '2020-09-05 05:02:06', '2020-09-05 05:02:06'),
(43, 1, 'tr', 'tet', 'fdsfsdf.docx', 'docx', '2020-09-05 05:34:59', '2020-09-05 05:34:59'),
(46, 1, 'fdsdsf', 'sdfs', 'jjjjj.docx', 'docx', '2020-09-05 05:39:05', '2020-09-05 05:39:05'),
(47, 1, 'ewqew', 'qeqwe', 'wwww.docx', 'docx', '2020-09-05 05:40:27', '2020-09-05 05:40:27'),
(48, 1, 'yhjt', 'ỵtyjt', 'jjjjj.docx', 'docx', '2020-09-05 05:50:25', '2020-09-05 05:50:25'),
(49, 1, 'ỷtytr', 'ỷyrt', '0rqf-request.394662.docx', 'docx', '2020-09-05 05:54:34', '2020-09-05 05:54:34');

-- --------------------------------------------------------

--
-- Cấu trúc bảng cho bảng `migrations`
--

CREATE TABLE `migrations` (
  `id` int(10) UNSIGNED NOT NULL,
  `migration` varchar(255) COLLATE utf8mb4_unicode_ci NOT NULL,
  `batch` int(11) NOT NULL
) ENGINE=InnoDB DEFAULT CHARSET=utf8mb4 COLLATE=utf8mb4_unicode_ci;

--
-- Đang đổ dữ liệu cho bảng `migrations`
--

INSERT INTO `migrations` (`id`, `migration`, `batch`) VALUES
(1, '2014_10_12_000000_create_users_table', 1),
(2, '2014_10_12_100000_create_password_resets_table', 1),
(3, '2020_02_06_104600_create_roles_table', 1),
(4, '2020_02_06_104724_add_column_in_users_table', 2),
(5, '2020_02_06_105417_add_column_in_users_table', 3),
(6, '2020_02_11_114203_create_teachers_table', 4),
(7, '2020_02_14_033057_create_addresses_table', 5),
(8, '2020_02_14_033410_add_column_in_teacher_table', 6),
(9, '2020_02_14_034957_create_schedules_table', 7),
(10, '2020_02_14_040923_add_column_in_schedules_table', 8),
(11, '2020_02_14_042143_add_column_in_schedules_table', 9),
(12, '2020_02_24_070216_create_evaluations_table', 10),
(13, '2020_02_26_032625_add_new_column_in_evaluations_table', 11),
(14, '2020_02_28_030031_add_new_column_in_evaluations_table', 12),
(15, '2020_02_29_052629_add_new_column_in_evaluations_table', 13),
(16, '2020_03_02_043233_add_new_column_in_evaluations_table', 14),
(17, '2020_03_04_034854_add_new_column_in_evaluations_table', 15),
(18, '2020_06_05_104629_add_new_column_in_evaluations_table', 16),
(19, '2020_06_05_113221_add_new_column_in_evaluations_table', 17),
(20, '2020_07_17_150719_add_new_column_in_teachers_table', 18),
(21, '2020_07_17_165512_create_lesson_plans_table', 19),
(22, '2020_08_03_103039_create_days_table', 20),
(23, '2020_08_03_104238_create_sessions_table', 21),
(24, '2020_08_03_154755_create_default_schedules_table', 22),
(25, '2020_08_12_104412_add_new_column_in_default_schedules', 23);

-- --------------------------------------------------------

--
-- Cấu trúc bảng cho bảng `password_resets`
--

CREATE TABLE `password_resets` (
  `email` varchar(255) COLLATE utf8mb4_unicode_ci NOT NULL,
  `token` varchar(255) COLLATE utf8mb4_unicode_ci NOT NULL,
  `created_at` timestamp NULL DEFAULT NULL
) ENGINE=InnoDB DEFAULT CHARSET=utf8mb4 COLLATE=utf8mb4_unicode_ci;

-- --------------------------------------------------------

--
-- Cấu trúc bảng cho bảng `roles`
--

CREATE TABLE `roles` (
  `id` int(10) UNSIGNED NOT NULL,
  `role` varchar(255) COLLATE utf8mb4_unicode_ci NOT NULL,
  `created_at` timestamp NULL DEFAULT NULL,
  `updated_at` timestamp NULL DEFAULT NULL
) ENGINE=InnoDB DEFAULT CHARSET=utf8mb4 COLLATE=utf8mb4_unicode_ci;

--
-- Đang đổ dữ liệu cho bảng `roles`
--

INSERT INTO `roles` (`id`, `role`, `created_at`, `updated_at`) VALUES
(1, 'Admin', '2020-02-05 17:00:00', '2020-02-05 17:00:00'),
(2, 'Evaluator', '2020-02-05 17:00:00', '2020-02-05 17:00:00'),
(3, 'teacher', '2020-02-10 17:00:00', '2020-02-10 17:00:00');

-- --------------------------------------------------------

--
-- Cấu trúc bảng cho bảng `schedules`
--

CREATE TABLE `schedules` (
  `id` int(10) UNSIGNED NOT NULL,
  `id_location` int(10) UNSIGNED NOT NULL,
  `id_teacher` int(10) UNSIGNED NOT NULL,
  `class` varchar(255) COLLATE utf8mb4_unicode_ci DEFAULT NULL,
  `time` varchar(100) COLLATE utf8mb4_unicode_ci DEFAULT NULL,
  `time1` date DEFAULT NULL,
  `day` varchar(10) COLLATE utf8mb4_unicode_ci DEFAULT NULL,
  `created_at` timestamp NULL DEFAULT NULL,
  `updated_at` timestamp NULL DEFAULT NULL,
  `booking` int(10) UNSIGNED DEFAULT NULL,
  `status` varchar(255) COLLATE utf8mb4_unicode_ci DEFAULT 'None',
  `author` int(10) UNSIGNED DEFAULT NULL
) ENGINE=InnoDB DEFAULT CHARSET=utf8mb4 COLLATE=utf8mb4_unicode_ci;

--
-- Đang đổ dữ liệu cho bảng `schedules`
--

INSERT INTO `schedules` (`id`, `id_location`, `id_teacher`, `class`, `time`, `time1`, `day`, `created_at`, `updated_at`, `booking`, `status`, `author`) VALUES
(46, 1, 1, 'rwer', '08:00 - 08:40', NULL, 'Monday', '2020-09-08 09:37:23', '2020-09-08 09:37:23', 1, 'None', 1),
(47, 1, 1, NULL, '08:00 - 08:40', NULL, 'Monday', '2020-09-08 10:38:01', '2020-09-08 10:41:25', 1, 'None', 1),
(48, 1, 1, '6a4', '08:00 - 08:40', NULL, 'Monday', '2020-09-08 11:55:40', '2020-09-08 11:56:04', 1, 'None', 1),
(49, 1, 1, NULL, '08:00 - 08:40', NULL, 'Monday', '2020-09-08 11:57:02', '2020-09-08 11:57:29', 1, 'None', 1),
(52, 1, 1, NULL, '08:00 - 08:40', NULL, 'Monday', '2020-09-09 08:52:52', '2020-09-10 09:19:18', 1, 'None', 1),
(53, 1, 1, NULL, '08:00 - 08:40', NULL, 'Monday', '2020-09-10 09:08:19', '2020-09-10 10:41:49', 1, 'None', 1);

-- --------------------------------------------------------

--
-- Cấu trúc bảng cho bảng `sessions`
--

CREATE TABLE `sessions` (
  `id` int(10) UNSIGNED NOT NULL,
  `day_id` int(10) UNSIGNED DEFAULT NULL,
  `address_id` int(10) UNSIGNED DEFAULT NULL,
  `name` varchar(100) COLLATE utf8mb4_unicode_ci DEFAULT NULL,
  `time` varchar(100) COLLATE utf8mb4_unicode_ci DEFAULT NULL,
  `created_at` timestamp NULL DEFAULT NULL,
  `updated_at` timestamp NULL DEFAULT NULL
) ENGINE=InnoDB DEFAULT CHARSET=utf8mb4 COLLATE=utf8mb4_unicode_ci;

--
-- Đang đổ dữ liệu cho bảng `sessions`
--

INSERT INTO `sessions` (`id`, `day_id`, `address_id`, `name`, `time`, `created_at`, `updated_at`) VALUES
(1, NULL, 3, 'Session 1', '8:00 - 8:40', '2020-08-12 04:35:47', '2020-08-12 04:35:47'),
(2, NULL, 3, 'Session 2', '8:45 - 9:25', '2020-08-12 04:35:47', '2020-08-12 04:35:47'),
(3, NULL, 3, 'Session 3', '9:40 - 10:20', '2020-08-12 04:35:47', '2020-08-12 04:35:47'),
(4, NULL, 3, 'Session 4', '10:25 - 10:55', '2020-08-12 04:35:47', '2020-08-12 04:35:47'),
(5, NULL, 3, 'Session 5', '13:45 - 14:25', '2020-08-12 04:35:47', '2020-08-12 04:35:47'),
(6, NULL, 3, 'Session 6', '14:30 - 15:00', '2020-08-12 04:35:47', '2020-08-12 04:35:47'),
(7, NULL, 4, 'Session 1', '8:00 - 8:40', '2020-08-12 04:35:47', '2020-08-12 04:35:47'),
(8, NULL, 4, 'Session 2', '8:45 - 9:25', '2020-08-12 04:35:47', '2020-08-12 04:35:47'),
(9, NULL, 4, 'Session 3', '9:45 - 10:25', '2020-08-12 04:35:47', '2020-08-12 04:35:47'),
(10, NULL, 4, 'Session 4', '10:30 - 11:00', '2020-08-12 04:35:47', '2020-08-12 04:35:47'),
(11, NULL, 4, 'Session 5', '13:45 - 14:25', '2020-08-12 04:35:47', '2020-08-12 04:35:47'),
(12, NULL, 4, 'Session 6', '14:30 - 15:00', '2020-08-12 04:35:47', '2020-08-12 04:35:47'),
(13, NULL, 5, 'Session 1', '08:00 - 08:40', '2020-09-08 07:58:59', '2020-09-08 07:58:59'),
(14, NULL, 5, 'Session 2', '08:40 - 09:20', '2020-09-08 07:58:59', '2020-09-08 07:58:59'),
(15, NULL, 5, 'Session 3', '09:20 - 10:00', '2020-09-08 07:58:59', '2020-09-08 07:58:59'),
(16, NULL, 5, 'Session 4', '10:20 - 11:00', '2020-09-08 07:58:59', '2020-09-08 07:58:59'),
(17, NULL, 5, 'Session 5', '11:00 - 11:40', '2020-09-08 07:58:59', '2020-09-08 07:58:59'),
(18, NULL, 5, 'Session 6', '13:30 - 14:10', '2020-09-08 07:58:59', '2020-09-08 07:58:59'),
(19, NULL, 5, 'Session 7', '14:10 - 14:50', '2020-09-08 07:58:59', '2020-09-08 07:58:59'),
(20, NULL, 5, 'Session 8', '15:10 - 15:50', '2020-09-08 07:58:59', '2020-09-08 07:58:59'),
(21, NULL, 6, 'Session 1', '08:00 - 08:40', '2020-09-08 07:58:59', '2020-09-08 07:58:59'),
(22, NULL, 6, 'Session 2', '08:40 - 09:20', '2020-09-08 07:58:59', '2020-09-08 07:58:59'),
(23, NULL, 6, 'Session 3', '09:20 - 10:00', '2020-09-08 07:58:59', '2020-09-08 07:58:59'),
(24, NULL, 6, 'Session 4', '10:15 - 10:55', '2020-09-08 07:58:59', '2020-09-08 07:58:59'),
(25, NULL, 6, 'Session 5', '10:55 - 11:35', '2020-09-08 07:58:59', '2020-09-08 07:58:59'),
(26, NULL, 6, 'Session 6', '13:40 - 14:20', '2020-09-08 07:58:59', '2020-09-08 07:58:59'),
(27, NULL, 6, 'Session 7', '14:20 - 15:00', '2020-09-08 07:58:59', '2020-09-08 07:58:59'),
(28, NULL, 6, 'Session 8', '15:20 - 16:00', '2020-09-08 07:58:59', '2020-09-08 07:58:59'),
(29, NULL, 10, 'Session 1', '08:10 - 08:45', '2020-09-08 07:58:59', '2020-09-08 07:58:59'),
(30, NULL, 10, 'Session 2', '08:50 - 09:25', '2020-09-08 07:58:59', '2020-09-08 07:58:59'),
(31, NULL, 10, 'Session 3', '09:35 - 10:10', '2020-09-08 07:58:59', '2020-09-08 07:58:59'),
(32, NULL, 10, 'Session 4', '10:15 - 10:50', '2020-09-08 07:58:59', '2020-09-08 07:58:59'),
(33, NULL, 10, 'Session 5', '13:30 - 14:05', '2020-09-08 07:58:59', '2020-09-08 07:58:59'),
(34, NULL, 10, 'Session 6', '14:05 - 14:40', '2020-09-08 07:58:59', '2020-09-08 07:58:59'),
(35, NULL, 10, 'Session 7', '14:55 - 15:30', '2020-09-08 07:58:59', '2020-09-08 07:58:59'),
(36, NULL, 10, 'Session 8', '15:30 - 16:00', '2020-09-08 07:58:59', '2020-09-08 07:58:59'),
(37, NULL, 9, 'Session 1', '08:10 - 08:45', '2020-09-08 07:58:59', '2020-09-08 07:58:59'),
(38, NULL, 9, 'Session 2', '08:45 - 09:20', '2020-09-08 07:58:59', '2020-09-08 07:58:59'),
(39, NULL, 9, 'Session 3', '09:40 - 10:10', '2020-09-08 07:58:59', '2020-09-08 07:58:59'),
(40, NULL, 9, 'Session 4', '10:10 - 10:45', '2020-09-08 07:58:59', '2020-09-08 07:58:59'),
(41, NULL, 9, 'Session 5', '10:45 - 11:20', '2020-09-08 07:58:59', '2020-09-08 07:58:59'),
(42, NULL, 9, 'Session 6', '13:15 - 13:50', '2020-09-08 07:58:59', '2020-09-08 07:58:59'),
(43, NULL, 9, 'Session 7', '13:55 - 14:30', '2020-09-08 07:58:59', '2020-09-08 07:58:59'),
(44, NULL, 9, 'Session 8', '14:45 - 15:20', '2020-09-08 07:58:59', '2020-09-08 07:58:59'),
(45, NULL, 9, 'Session 9', '15:25 - 16:00', '2020-09-08 07:58:59', '2020-09-08 07:58:59');

-- --------------------------------------------------------

--
-- Cấu trúc bảng cho bảng `teachers`
--

CREATE TABLE `teachers` (
  `id` int(10) UNSIGNED NOT NULL,
  `role` int(10) UNSIGNED NOT NULL DEFAULT 3,
  `viewer` int(10) DEFAULT 0,
  `id_address` int(10) UNSIGNED DEFAULT NULL,
  `fullname` varchar(255) COLLATE utf8mb4_unicode_ci DEFAULT NULL,
  `address` varchar(255) COLLATE utf8mb4_unicode_ci DEFAULT NULL,
  `mobile` varchar(255) COLLATE utf8mb4_unicode_ci DEFAULT NULL,
  `image` varchar(255) COLLATE utf8mb4_unicode_ci DEFAULT NULL,
  `gender` varchar(255) COLLATE utf8mb4_unicode_ci DEFAULT NULL,
  `dob` varchar(255) COLLATE utf8mb4_unicode_ci DEFAULT NULL,
  `email` varchar(255) COLLATE utf8mb4_unicode_ci DEFAULT NULL,
  `password` varchar(255) COLLATE utf8mb4_unicode_ci DEFAULT NULL,
  `facebook` varchar(255) COLLATE utf8mb4_unicode_ci DEFAULT NULL,
  `twitter` varchar(255) COLLATE utf8mb4_unicode_ci DEFAULT NULL,
  `created_at` timestamp NULL DEFAULT NULL,
  `updated_at` timestamp NULL DEFAULT NULL,
  `email_verified_at` timestamp NULL DEFAULT NULL,
  `remember_token` varchar(100) COLLATE utf8mb4_unicode_ci DEFAULT NULL
) ENGINE=InnoDB DEFAULT CHARSET=utf8mb4 COLLATE=utf8mb4_unicode_ci;

--
-- Đang đổ dữ liệu cho bảng `teachers`
--

INSERT INTO `teachers` (`id`, `role`, `viewer`, `id_address`, `fullname`, `address`, `mobile`, `image`, `gender`, `dob`, `email`, `password`, `facebook`, `twitter`, `created_at`, `updated_at`, `email_verified_at`, `remember_token`) VALUES
(1, 3, 0, 1, 'Tien Dat', '128 Nguyễn Thái học', '03444453048768', 'logo.png', NULL, '14.02.2020', 'datnt@ieg.vn', '$2y$10$h3FIO1fuRECzlQPENI7TEuVC6.GySfcK9CZlmTdpI92VphYH/sYVK', 'https://www.facebook.com/', '1', '2020-02-12 13:25:53', '2020-08-07 22:08:23', NULL, NULL),
(10, 3, 0, 3, 'James Williams', NULL, NULL, 'default.png', NULL, NULL, 'james.williams@ieg.vn', '$2y$10$mPkAXdNqd5iC7Wm2jAUIPusw13YBpojNWaIOc3WFplmX7uwldfQMa', NULL, NULL, '2020-08-03 00:53:57', '2020-09-01 04:19:33', NULL, NULL),
(14, 3, 0, 3, 'Ryan cherry', NULL, NULL, 'logo.png', 'Male', NULL, 'ryan.cherry@ieg.vn', '$2y$10$2x2E879jAM5zOqjuaFirq.Cc39UNj3oq8jcZ82zzWXDC76Pj.jfoy', NULL, NULL, '2020-08-05 00:59:06', '2020-09-06 07:26:32', NULL, NULL),
(15, 3, 0, 3, 'Miceala O’Donovan', NULL, NULL, 'logo.png', 'Male', NULL, 'miceala.odonovan@ieg.vn', '$2y$10$0xlAiH2T7GTe/qaVHPtuQuTbKm49joVUi6eP9e62/Hpc1pd4RQweK', NULL, NULL, '2020-08-05 01:26:04', '2020-08-05 01:26:04', NULL, NULL),
(16, 3, 0, 3, 'Alex Davidson', NULL, NULL, 'logo.png', 'Male', NULL, 'alex.davidson@ieg.vn', '$2y$10$miNpk0QskkP4bgkChwCQEOte1r6qVBVnvZij2zLlNdySNV6SZNcHS', NULL, NULL, '2020-08-05 01:27:36', '2020-08-05 01:27:36', NULL, NULL),
(17, 3, 0, 4, 'Rivers Moore', NULL, NULL, 'logo.png', 'Male', NULL, 'rivers.moore@ieg.vn', '$2y$10$2/2.CJvGaFBMEXItbo5f9eYLUnDOZXdtObwjgRhZTfOOnQW7QLHPO', NULL, NULL, '2020-08-05 02:19:26', '2020-08-18 19:36:23', NULL, NULL),
(18, 3, 0, 4, 'Amelia Farquharson', NULL, NULL, 'logo.png', 'Male', NULL, 'amelia.farquharson@ieg.vn', '$2y$10$75Vwi5kx3cfTVXCbFkwgI.BBHeqArlR5zIp5QVVWFeArX8yGOwf/2', NULL, NULL, '2020-08-05 02:20:00', '2020-08-05 02:20:00', NULL, NULL),
(19, 3, 0, 4, 'elle.angeloni', NULL, NULL, 'logo.png', 'Male', NULL, 'elle.angeloni@ieg.vn', '$2y$10$tYrfOHz7M4F0XJQ8fTALR.Lyl1DeBQciQKYGR4mO2QerAjjmlY246', NULL, NULL, '2020-08-05 02:20:38', '2020-09-03 22:25:44', NULL, NULL),
(20, 3, 0, 4, 'Nathan J. Meier', NULL, NULL, 'logo.png', 'Male', NULL, 'nathan.meier@ieg.vn', '$2y$10$PIt0vHuoii9zOIAvZhPAIukY.EoaVjWCSQcKKZZLYi5fXgNStbjey', NULL, NULL, '2020-08-05 02:21:19', '2020-08-05 02:21:19', NULL, NULL),
(21, 3, 0, 1, 'Andrew Miech', NULL, '0397908274', 'logo.png', 'Male', NULL, 'andrew@ieg.vn', '$2y$10$wYJQI.W/TQuj8sBXEXRtA.RmWT8p0954.4Ns28inTJewhfDw2jWlK', NULL, NULL, '2020-08-12 04:48:02', '2020-08-29 02:36:00', NULL, NULL),
(22, 3, 0, 5, 'Stephen Craddock', NULL, NULL, 'logo.png', 'Male', NULL, 'stephen.craddock@ieg.vn', '$2y$10$cNH5h8.2fB2G3ME0QbiIkO0ZmgCUO/q7guBpL1Jn.3EPAPTvcu2XK', NULL, NULL, '2020-08-22 19:39:36', '2020-08-22 21:11:47', NULL, NULL),
(23, 3, 0, 5, 'Peutrus Bornman', NULL, NULL, 'logo.png', NULL, NULL, 'peutrus.bornman@ieg.vn', '$2y$10$HxCvqxuA6oNQQ4TMFM7gruQkXbOVuUuRM.K08H68okyq379pWCbti', NULL, NULL, '2020-08-27 21:48:14', '2020-08-27 21:48:14', NULL, NULL),
(24, 3, 0, 5, 'Tratonia Spicer', NULL, NULL, 'logo.png', NULL, NULL, 'tratonia.spicer@ieg.vn', '$2y$10$f2Yw3HdnkadzbLwvjSTpmOE1kwBv1uAHW3r0LBK3Y2tXm7rdogo1O', NULL, NULL, '2020-08-30 19:19:55', '2020-08-31 09:43:06', NULL, NULL),
(25, 3, 0, 6, 'Emma Krueger', NULL, NULL, 'logo.png', NULL, NULL, 'emma.krueger@ieg.vn', '$2y$10$2jmjuiY6Igj1lkRy2o6Aoe6WdEjP155/Cx5o/zeEW2fIvjOMfmWmW', NULL, NULL, '2020-08-31 01:33:48', '2020-08-31 01:33:48', NULL, NULL),
(26, 3, 0, 5, 'Phạm Lan Anh', NULL, NULL, 'logo.png', 'Female', NULL, 'lananh.pham@ieg.vn', '$2y$10$qNM/JDs6BKd9tb1Kw.s9ge/srhrqg27OndJ3A0/.h9CXlHYxUH.te', NULL, NULL, '2020-09-04 01:34:01', '2020-09-04 01:34:01', NULL, NULL),
(27, 3, 0, 5, 'Đỗ Thị Hương', NULL, NULL, 'logo.png', 'Female', NULL, 'huong.do@ieg.vn', '$2y$10$LG/YkDz05FO4oIescZ6PZOyhHFbDu2mQjAy1yYfKhto5Ww7zpKvFm', NULL, NULL, '2020-09-04 01:45:17', '2020-09-04 01:45:17', NULL, NULL),
(28, 3, 0, 5, 'New Teacher', NULL, NULL, 'logo.png', NULL, NULL, 'newteacherdtd1@ieg.vn', '$2y$10$lvv8IsovYhOb8PVNEUvLEeNkGz.0BYPfVQDFLMJcEuqlty8ZCR.1G', NULL, NULL, '2020-09-08 01:06:39', '2020-09-08 01:06:39', NULL, NULL);

-- --------------------------------------------------------

--
-- Cấu trúc bảng cho bảng `users`
--

CREATE TABLE `users` (
  `id` int(10) UNSIGNED NOT NULL,
  `name` varchar(255) COLLATE utf8mb4_unicode_ci NOT NULL,
  `email` varchar(150) COLLATE utf8mb4_unicode_ci NOT NULL,
  `role` int(10) UNSIGNED NOT NULL DEFAULT 1,
  `image` varchar(255) COLLATE utf8mb4_unicode_ci NOT NULL,
  `mobile` varchar(255) COLLATE utf8mb4_unicode_ci DEFAULT NULL,
  `email_verified_at` timestamp NULL DEFAULT NULL,
  `password` varchar(255) COLLATE utf8mb4_unicode_ci NOT NULL,
  `remember_token` varchar(100) COLLATE utf8mb4_unicode_ci DEFAULT NULL,
  `created_at` timestamp NULL DEFAULT NULL,
  `updated_at` timestamp NULL DEFAULT NULL
) ENGINE=InnoDB DEFAULT CHARSET=utf8mb4 COLLATE=utf8mb4_unicode_ci;

--
-- Đang đổ dữ liệu cho bảng `users`
--

INSERT INTO `users` (`id`, `name`, `email`, `role`, `image`, `mobile`, `email_verified_at`, `password`, `remember_token`, `created_at`, `updated_at`) VALUES
(1, 'dat', 'datnt@ieg.vn', 1, 'default.png', '0344445304', NULL, '$2y$10$JLfUiJAzhXavGtNhCASv/OAOcYxYnaRHahcKwcczUVDrVmdv8PjP6', NULL, '2020-02-10 20:39:12', '2020-02-11 04:27:33'),
(5, 'Tien Dat', 'datnt@ieg.vn1', 1, 'default.png', '0344445304', NULL, '$2y$10$g0FDtR8b1fNkgwjr3DNyKOHG6C48/rHNUI4euWFkYncVHfI31Ide2', NULL, '2020-02-10 21:01:50', '2020-02-10 21:01:50'),
(9, 'Hanh', 'Hanh.ieg', 1, 'Pq1L-94671519-abstract-art-background-digital-painting-color-texture-modern-art-contemporary-art-colorful-canvas-.jpg', NULL, NULL, '$2y$10$4az6dPH9Q6mJKQlaEPnRL.kQlD8w7P146xfthKC0twk/8br584ny6', NULL, '2020-06-15 07:59:07', '2020-06-15 07:59:07'),
(10, 'evaluator', 'evaluator.ieg.vn', 2, 'default.png', '0', NULL, '$2y$10$0dYygD5ZqhAu13zruQENEuOj/2G0Q7QckVYHw3K8tf0lLYtHHTLhS', NULL, '2020-09-01 10:11:53', '2020-09-01 10:11:53');

--
-- Chỉ mục cho các bảng đã đổ
--

--
-- Chỉ mục cho bảng `addresses`
--
ALTER TABLE `addresses`
  ADD PRIMARY KEY (`id`);

--
-- Chỉ mục cho bảng `days`
--
ALTER TABLE `days`
  ADD PRIMARY KEY (`id`);

--
-- Chỉ mục cho bảng `default_schedules`
--
ALTER TABLE `default_schedules`
  ADD PRIMARY KEY (`id`),
  ADD KEY `default_schedules_day_id_foreign` (`day_id`),
  ADD KEY `default_schedules_session_id_foreign` (`session_id`),
  ADD KEY `default_schedules_teacher_id_foreign` (`teacher_id`),
  ADD KEY `default_schedules_address_id_foreign` (`address_id`);

--
-- Chỉ mục cho bảng `evaluations`
--
ALTER TABLE `evaluations`
  ADD PRIMARY KEY (`id`),
  ADD KEY `evaluations_id_schedules_foreign` (`id_schedules`),
  ADD KEY `evaluations_author_foreign` (`author`),
  ADD KEY `evaluations_editor_foreign` (`editor`),
  ADD KEY `evaluations_id_teacher_foreign` (`id_teacher`),
  ADD KEY `evaluations_id_location_foreign` (`id_location`);

--
-- Chỉ mục cho bảng `lesson_plans`
--
ALTER TABLE `lesson_plans`
  ADD PRIMARY KEY (`id`),
  ADD KEY `lesson_plans_teacher_id_foreign` (`teacher_id`);

--
-- Chỉ mục cho bảng `migrations`
--
ALTER TABLE `migrations`
  ADD PRIMARY KEY (`id`);

--
-- Chỉ mục cho bảng `password_resets`
--
ALTER TABLE `password_resets`
  ADD KEY `password_resets_email_index` (`email`(191));

--
-- Chỉ mục cho bảng `roles`
--
ALTER TABLE `roles`
  ADD PRIMARY KEY (`id`);

--
-- Chỉ mục cho bảng `schedules`
--
ALTER TABLE `schedules`
  ADD PRIMARY KEY (`id`),
  ADD KEY `schedules_id_location_foreign` (`id_location`),
  ADD KEY `schedules_id_teacher_foreign` (`id_teacher`),
  ADD KEY `schedules_booking_foreign` (`booking`),
  ADD KEY `schedules_author_foreign` (`author`);

--
-- Chỉ mục cho bảng `sessions`
--
ALTER TABLE `sessions`
  ADD PRIMARY KEY (`id`),
  ADD KEY `sessions_day_id_foreign` (`day_id`),
  ADD KEY `sessions_address_id_foreign` (`address_id`);

--
-- Chỉ mục cho bảng `teachers`
--
ALTER TABLE `teachers`
  ADD PRIMARY KEY (`id`),
  ADD KEY `teachers_role_foreign` (`role`),
  ADD KEY `teachers_id_address_foreign` (`id_address`);

--
-- Chỉ mục cho bảng `users`
--
ALTER TABLE `users`
  ADD PRIMARY KEY (`id`),
  ADD UNIQUE KEY `users_email_unique` (`email`),
  ADD KEY `users_role_foreign` (`role`);

--
-- AUTO_INCREMENT cho các bảng đã đổ
--

--
-- AUTO_INCREMENT cho bảng `addresses`
--
ALTER TABLE `addresses`
  MODIFY `id` int(10) UNSIGNED NOT NULL AUTO_INCREMENT, AUTO_INCREMENT=13;

--
-- AUTO_INCREMENT cho bảng `days`
--
ALTER TABLE `days`
  MODIFY `id` int(10) UNSIGNED NOT NULL AUTO_INCREMENT, AUTO_INCREMENT=8;

--
-- AUTO_INCREMENT cho bảng `default_schedules`
--
ALTER TABLE `default_schedules`
  MODIFY `id` int(10) UNSIGNED NOT NULL AUTO_INCREMENT, AUTO_INCREMENT=449;

--
-- AUTO_INCREMENT cho bảng `evaluations`
--
ALTER TABLE `evaluations`
  MODIFY `id` int(10) UNSIGNED NOT NULL AUTO_INCREMENT, AUTO_INCREMENT=70;

--
-- AUTO_INCREMENT cho bảng `lesson_plans`
--
ALTER TABLE `lesson_plans`
  MODIFY `id` int(10) UNSIGNED NOT NULL AUTO_INCREMENT, AUTO_INCREMENT=50;

--
-- AUTO_INCREMENT cho bảng `migrations`
--
ALTER TABLE `migrations`
  MODIFY `id` int(10) UNSIGNED NOT NULL AUTO_INCREMENT, AUTO_INCREMENT=26;

--
-- AUTO_INCREMENT cho bảng `roles`
--
ALTER TABLE `roles`
  MODIFY `id` int(10) UNSIGNED NOT NULL AUTO_INCREMENT, AUTO_INCREMENT=4;

--
-- AUTO_INCREMENT cho bảng `schedules`
--
ALTER TABLE `schedules`
  MODIFY `id` int(10) UNSIGNED NOT NULL AUTO_INCREMENT, AUTO_INCREMENT=54;

--
-- AUTO_INCREMENT cho bảng `sessions`
--
ALTER TABLE `sessions`
  MODIFY `id` int(10) UNSIGNED NOT NULL AUTO_INCREMENT, AUTO_INCREMENT=46;

--
-- AUTO_INCREMENT cho bảng `teachers`
--
ALTER TABLE `teachers`
  MODIFY `id` int(10) UNSIGNED NOT NULL AUTO_INCREMENT, AUTO_INCREMENT=29;

--
-- AUTO_INCREMENT cho bảng `users`
--
ALTER TABLE `users`
  MODIFY `id` int(10) UNSIGNED NOT NULL AUTO_INCREMENT, AUTO_INCREMENT=11;

--
-- Các ràng buộc cho các bảng đã đổ
--

--
-- Các ràng buộc cho bảng `default_schedules`
--
ALTER TABLE `default_schedules`
  ADD CONSTRAINT `default_schedules_address_id_foreign` FOREIGN KEY (`address_id`) REFERENCES `addresses` (`id`) ON DELETE CASCADE,
  ADD CONSTRAINT `default_schedules_day_id_foreign` FOREIGN KEY (`day_id`) REFERENCES `days` (`id`) ON DELETE CASCADE,
  ADD CONSTRAINT `default_schedules_session_id_foreign` FOREIGN KEY (`session_id`) REFERENCES `sessions` (`id`) ON DELETE CASCADE,
  ADD CONSTRAINT `default_schedules_teacher_id_foreign` FOREIGN KEY (`teacher_id`) REFERENCES `teachers` (`id`) ON DELETE CASCADE;

--
-- Các ràng buộc cho bảng `evaluations`
--
ALTER TABLE `evaluations`
  ADD CONSTRAINT `evaluations_author_foreign` FOREIGN KEY (`author`) REFERENCES `users` (`id`) ON DELETE CASCADE,
  ADD CONSTRAINT `evaluations_editor_foreign` FOREIGN KEY (`editor`) REFERENCES `users` (`id`) ON DELETE CASCADE,
  ADD CONSTRAINT `evaluations_id_location_foreign` FOREIGN KEY (`id_location`) REFERENCES `addresses` (`id`) ON DELETE CASCADE,
  ADD CONSTRAINT `evaluations_id_schedules_foreign` FOREIGN KEY (`id_schedules`) REFERENCES `schedules` (`id`) ON DELETE CASCADE,
  ADD CONSTRAINT `evaluations_id_teacher_foreign` FOREIGN KEY (`id_teacher`) REFERENCES `teachers` (`id`) ON DELETE CASCADE;

--
-- Các ràng buộc cho bảng `lesson_plans`
--
ALTER TABLE `lesson_plans`
  ADD CONSTRAINT `lesson_plans_teacher_id_foreign` FOREIGN KEY (`teacher_id`) REFERENCES `teachers` (`id`) ON DELETE CASCADE;

--
-- Các ràng buộc cho bảng `schedules`
--
ALTER TABLE `schedules`
  ADD CONSTRAINT `schedules_author_foreign` FOREIGN KEY (`author`) REFERENCES `users` (`id`) ON DELETE CASCADE,
  ADD CONSTRAINT `schedules_booking_foreign` FOREIGN KEY (`booking`) REFERENCES `users` (`id`) ON DELETE CASCADE,
  ADD CONSTRAINT `schedules_id_location_foreign` FOREIGN KEY (`id_location`) REFERENCES `addresses` (`id`) ON DELETE CASCADE,
  ADD CONSTRAINT `schedules_id_teacher_foreign` FOREIGN KEY (`id_teacher`) REFERENCES `teachers` (`id`) ON DELETE CASCADE;

--
-- Các ràng buộc cho bảng `sessions`
--
ALTER TABLE `sessions`
  ADD CONSTRAINT `sessions_address_id_foreign` FOREIGN KEY (`address_id`) REFERENCES `addresses` (`id`) ON DELETE CASCADE,
  ADD CONSTRAINT `sessions_day_id_foreign` FOREIGN KEY (`day_id`) REFERENCES `days` (`id`) ON DELETE CASCADE;

--
-- Các ràng buộc cho bảng `teachers`
--
ALTER TABLE `teachers`
  ADD CONSTRAINT `teachers_id_address_foreign` FOREIGN KEY (`id_address`) REFERENCES `addresses` (`id`) ON DELETE CASCADE,
  ADD CONSTRAINT `teachers_role_foreign` FOREIGN KEY (`role`) REFERENCES `roles` (`id`) ON DELETE CASCADE;

--
-- Các ràng buộc cho bảng `users`
--
ALTER TABLE `users`
  ADD CONSTRAINT `users_role_foreign` FOREIGN KEY (`role`) REFERENCES `roles` (`id`) ON DELETE CASCADE;
COMMIT;

/*!40101 SET CHARACTER_SET_CLIENT=@OLD_CHARACTER_SET_CLIENT */;
/*!40101 SET CHARACTER_SET_RESULTS=@OLD_CHARACTER_SET_RESULTS */;
/*!40101 SET COLLATION_CONNECTION=@OLD_COLLATION_CONNECTION */;
